time,LPos,RPos,LRef,RRef,LPWM,RPWM,GyroX,GyroY,GyroZ,AX,AY,AZ,LEMF,REMF,BAT
0,-2114,6,-32767,0,0,0,0,0,0,0,0,0,-20.275,0.052,912
10000,-4237,354,-31784,984,0,0,0,0,0,0,1,-4100,-20.353,3.34,912
20000,-6311,957,-30801,1967,0,0,-284,53,-256,450,305,-2053,-19.886,5.774,912
30000,-8418,1716,-29818,2950,0,0,-374,51,-197,-66,-152,-16,-20.195,7.28,912
40000,-10460,2462,-28835,3933,0,0,-521,66,-179,-67,24,-60,-19.582,7.157,912
50000,-12544,3504,-27852,4916,0,0,1386,276,100,-58,9,-15,-19.979,9.983,912
60000,-14657,4422,-26869,5899,0,0,8655,2540,1834,299,-147,-1298,-20.252,8.81,912
70000,-16731,5411,-25886,6882,0,0,-4520,761,2093,3029,1016,-8547,-19.889,9.482,912
80000,-18794,6330,-24903,7865,0,0,2017,522,1732,3490,951,-15873,-19.774,8.81,912
90000,-20745,7251,-23920,8848,0,0,3268,-401,1342,-293,-3187,-10987,-18.704,8.826,912
100000,-21611,8262,-22937,9831,0,0,349,-1707,1121,-806,-170,-1726,-8.305,9.696,912
110000,-21742,9201,-21954,10814,0,0,-1885,-1625,823,-731,-1332,-2034,-1.255,9.002,912
120000,-21465,10226,-20971,11797,0,0,-2905,-1374,978,-528,-2761,-2181,2.653,9.821,912
130000,-20891,11223,-19988,12780,0,0,-902,-181,1606,-313,-894,-1136,5.498,9.561,912
140000,-20169,12171,-19005,13763,0,0,-1214,-274,2037,1113,358,-3953,6.929,9.088,912
150000,-19330,13137,-18022,14746,0,0,-665,-905,890,-254,1256,-5208,8.039,9.268,912
160000,-18411,14078,-17039,15729,0,0,93,-1131,-228,-1752,831,-5323,8.809,9.014,912
170001,-17481,15056,-16056,16712,0,0,970,-851,-539,-1061,1183,-5293,8.922,9.38,912
180001,-16550,16043,-15073,17695,0,0,860,-623,-681,-927,1326,-5105,8.929,9.464,912
190001,-15602,17089,-14090,18678,0,0,498,-105,-500,-1504,762,-4127,9.082,10.022,912
200001,-14614,18125,-13107,19661,0,0,126,667,-144,-933,-238,-3270,9.476,9.937,912
210001,-13604,19081,-12124,20644,0,0,-294,1182,315,-651,-665,-2922,9.687,9.166,912
220001,-12627,20162,-11141,21627,0,0,-70,1046,823,-313,-967,-3375,9.361,10.363,912
230001,-11643,21205,-10158,22610,0,0,242,-96,530,201,-923,-4469,9.431,10.004,912
240001,-10678,22207,-9175,23593,0,0,-78,282,91,-205,-39,-6087,9.258,9.605,912
250001,-9704,23156,-8191,24577,0,0,190,132,315,357,-336,-4290,9.335,9.096,912
260001,-8755,24143,-7208,25560,0,0,123,96,402,1194,-669,-3777,9.1,9.459,912
270001,-7727,25119,-6225,26543,0,0,46,70,379,1328,-10,-4445,9.851,9.358,912
280001,-6727,26109,-5242,27526,0,0,95,162,272,1309,-199,-4316,9.586,9.49,912
290000,-5779,27101,-4259,28509,0,0,1,100,18,819,-474,-3537,9.092,9.513,912
300000,-4794,28099,-3276,29492,0,0,-12,118,-14,407,-235,-4206,9.443,9.567,912
310000,-3850,29077,-2293,30475,0,0,8,154,112,190,-371,-3862,9.054,9.375,912
320000,-2847,30069,-1310,31458,0,0,-150,189,251,-153,-294,-3642,9.611,9.514,912
330000,-1834,31048,-327,32441,0,0,-157,200,442,-189,-192,-4069,9.713,9.388,912
340000,-826,32041,656,-32112,0,0,-518,245,497,-464,-606,-3924,9.666,9.52,912
350000,141,-32518,1639,-31129,0,0,-450,158,576,-148,-322,-4158,9.272,9.369,912
360000,1118,-31531,2622,-30146,0,0,-466,192,660,-77,-338,-3956,9.363,9.459,912
370000,2103,-30538,3605,-29163,0,0,-675,264,569,-9,-350,-3732,9.451,9.52,912
380000,3073,-29555,4588,-28180,0,0,-538,137,540,213,108,-3752,9.293,9.42,912
390000,4061,-28564,5571,-27197,0,0,-556,212,427,222,-164,-3811,9.478,9.508,912
400000,5006,-27568,6554,-26214,0,0,-579,162,385,259,41,-3700,9.06,9.545,912
410000,6013,-26577,7537,-25231,0,0,-533,131,341,67,-22,-3621,9.648,9.5,912
420000,7014,-25574,8520,-24248,0,0,-547,147,346,22,21,-3865,9.603,9.621,912
430000,7996,-24595,9503,-23265,0,0,-604,82,249,-140,-54,-3936,9.41,9.381,912
440000,8947,-23600,10486,-22282,0,0,-581,-66,321,-245,-19,-4111,9.123,9.542,912
450000,9936,-22604,11469,-21299,0,0,-777,-117,473,-411,-82,-4036,9.48,9.546,912
460000,10921,-21654,12452,-20316,0,0,-725,-139,524,-259,-87,-4012,9.445,9.116,912
470000,11923,-20644,13435,-19333,0,0,37,-441,-77,-357,-55,-4143,9.604,9.676,912
480000,12930,-19674,14418,-18350,0,0,330,-729,-560,-1061,380,-5088,9.658,9.302,912
490000,13935,-18705,15401,-17367,0,0,216,-992,-366,-751,724,-5057,9.635,9.288,912
500000,14914,-17760,16384,-16384,0,0,201,-1451,-185,-169,271,-4223,9.387,9.062,912
510000,15886,-16763,17368,-15400,0,0,-993,-146,164,-231,-462,-3765,9.316,9.562,912
520000,16871,-15911,18351,-14417,0,0,-197,315,952,-516,-251,-4105,9.441,8.162,912
530000,17838,-14953,19334,-13434,0,0,-259,393,592,-1821,-381,-4686,9.273,9.19,912
540000,18818,-14040,20317,-12451,0,0,45,389,-205,-949,-31,-4293,9.396,8.755,912
550000,19827,-13185,21300,-11468,0,0,-667,172,-230,-481,87,-3679,9.671,8.192,912
560000,20760,-12169,22283,-10485,0,0,-301,136,132,-384,294,-3828,8.947,9.738,912
570000,21718,-11172,23266,-9502,0,0,-109,145,-63,-226,755,-5120,9.18,9.566,912
580000,22693,-10196,24249,-8519,0,0,-135,92,-95,401,1165,-4583,9.351,9.351,912
590000,23691,-9200,25232,-7536,0,0,-248,114,-134,718,432,-3709,9.565,9.556,912
600000,24648,-8181,26215,-6553,0,0,-95,164,-72,1023,-4,-4134,9.175,9.77,912
610000,25629,-7206,27198,-5570,0,0,187,39,-67,1153,20,-4567,9.409,9.342,912
620000,26613,-6207,28181,-4587,0,0,-136,294,-80,928,224,-4081,9.437,9.58,912
630000,27583,-5183,29164,-3604,0,0,90,72,-138,652,199,-3650,9.299,9.817,912
640000,28551,-4201,30147,-2621,0,0,63,238,-175,605,81,-4172,9.277,9.417,912
650000,29561,-3241,31130,-1638,0,0,192,118,-192,488,343,-3921,9.681,9.2,912
660000,30538,-2232,32113,-655,0,0,180,200,-189,134,468,-3757,9.366,9.675,912
670000,31538,-1246,-32440,328,0,0,273,218,-323,16,351,-4031,9.593,9.452,912
680000,32523,-252,-31457,1311,0,0,266,86,-370,-131,294,-3901,9.439,9.531,912
690000,-32035,690,-30474,2294,0,0,650,245,-466,-19,399,-3993,9.375,9.029,912
700000,-31047,1682,-29491,3277,0,0,540,193,-345,-124,498,-3883,9.473,9.516,912
710000,-30101,2691,-28508,4260,0,0,637,201,-212,-18,237,-3794,9.073,9.675,912
720000,-29150,3656,-27525,5243,0,0,698,198,-426,269,-90,-3924,9.121,9.248,912
730000,-28140,4639,-26542,6226,0,0,761,102,-530,15,271,-3586,9.677,9.423,912
740000,-27117,5651,-25559,7209,0,0,928,79,-485,-64,404,-3663,9.806,9.701,912
750000,-26120,6610,-24576,8192,0,0,1015,86,-481,44,257,-3987,9.559,9.193,912
760000,-25126,7592,-23593,9175,0,0,1082,-82,-446,9,31,-4012,9.537,9.418,912
770000,-24173,8557,-22609,10159,0,0,1044,-65,-417,-234,-99,-3865,9.133,9.256,912
780000,-23198,9574,-21626,11142,0,0,1064,-143,-364,-229,-298,-3909,9.348,9.745,912
790000,-22176,10532,-20643,12125,0,0,421,-153,-224,-376,-398,-4046,9.802,9.191,912
800000,-21215,11459,-19660,13108,0,0,-182,-279,280,-627,-439,-4107,9.21,8.885,912
810000,-20211,12504,-18677,14091,0,0,110,-34,359,-1276,-1063,-4984,9.622,10.019,912
820000,-19244,13477,-17694,15074,0,0,61,-13,456,-1073,-1240,-5084,9.275,9.328,912
830000,-18254,14436,-16711,16057,0,0,179,40,436,-717,-334,-4178,9.494,9.196,912
840000,-17258,15378,-15728,17040,0,0,-429,-572,842,-224,116,-3568,9.544,9.027,912
850000,-16262,16429,-14745,18023,0,0,-602,-1387,1606,-317,590,-3586,9.553,10.08,912
860000,-15306,17461,-13762,19006,0,0,173,-1465,1709,-105,408,-4418,9.168,9.896,912
870000,-14324,18476,-12779,19989,0,0,211,284,547,-231,-474,-5067,9.413,9.73,912
880000,-13293,19545,-11796,20972,0,0,-130,802,-254,-932,-357,-5033,9.878,10.245,912
890000,-12329,20553,-10813,21955,0,0,480,200,-407,-557,174,-3154,9.244,9.669,912
900000,-11340,21571,-9830,22938,0,0,26,242,-348,-77,153,-3468,9.489,9.76,912
910000,-10332,22551,-8847,23921,0,0,122,13,177,229,-215,-5746,9.659,9.389,912
920000,-9354,23526,-7864,24904,0,0,157,194,729,735,-1499,-4632,9.382,9.353,912
930000,-8392,24489,-6881,25887,0,0,17,119,683,893,-937,-3283,9.216,9.228,912
940000,-7440,25466,-5898,26870,0,0,61,72,469,791,237,-4678,9.132,9.374,912
950000,-6445,26454,-4915,27853,0,0,187,146,282,832,103,-4036,9.538,9.472,912
960000,-5465,27444,-3932,28836,0,0,-47,129,70,565,-185,-3548,9.396,9.491,912
970000,-4457,28416,-2949,29819,0,0,-47,121,58,456,-307,-4288,9.667,9.321,912
980000,-3484,29404,-1966,30802,0,0,-12,159,177,133,-663,-3817,9.32,9.468,912
990000,-2510,30387,-983,31785,0,0,-162,250,239,-191,-417,-3653,9.342,9.43,912
1000000,-1512,31370,0,32768,0,0,-154,256,440,-125,4,-4311,9.572,9.416,912
1010000,-556,32359,983,-31785,0,0,-430,210,445,-419,-536,-3708,9.159,9.484,912
1020000,427,-32186,1967,-30801,0,0,-539,156,557,-79,-344,-3981,9.432,9.506,912
1030000,1427,-31204,2950,-29818,0,0,-422,167,746,50,-179,-3983,9.584,9.411,912
1040000,2418,-30216,3933,-28835,0,0,-599,409,500,-92,-497,-3743,9.498,9.475,912
1050000,3387,-29240,4916,-27852,0,0,-488,152,428,238,-32,-3916,9.292,9.36,912
1060000,4408,-28258,5899,-26869,0,0,-460,267,378,195,-262,-3879,9.791,9.406,912
1070000,5417,-27260,6882,-25886,0,0,-507,199,276,198,-6,-3465,9.673,9.577,912
1080000,6387,-26243,7865,-24903,0,0,-454,135,141,192,191,-3772,9.298,9.744,912
1090000,7388,-25265,8848,-23920,0,0,-412,87,218,62,169,-3901,9.596,9.381,912
1100000,8357,-24255,9831,-22937,0,0,-757,-26,342,-150,-270,-3794,9.295,9.683,912
1110000,9325,-23265,10814,-21954,0,0,-847,-228,604,-211,-188,-3878,9.277,9.487,912
1120000,10305,-22280,11797,-20971,0,0,-937,-272,744,-336,-25,-4197,9.398,9.441,912
1130000,11292,-21266,12780,-19988,0,0,-502,-351,584,-293,-81,-4210,9.458,9.722,912
1140000,12257,-20311,13763,-19005,0,0,104,-704,-321,-691,61,-4506,9.256,9.161,912
1150000,13248,-19367,14746,-18022,0,0,281,-858,-526,-1208,732,-5338,9.503,9.047,912
1160000,14220,-18372,15729,-17039,0,0,195,-1222,-109,-464,774,-4853,9.317,9.546,912
1170000,15196,-17398,16712,-16056,0,0,-321,-1006,-16,-272,-15,-3789,9.36,9.329,912
1180000,16177,-16346,17695,-15073,0,0,-845,299,648,-60,-587,-3705,9.403,10.086,912
1190000,17164,-15366,18678,-14090,0,0,-182,375,881,-1311,-455,-4233,9.461,9.4,912
1200000,18145,-14501,19661,-13107,0,0,51,515,221,-1567,-141,-4557,9.406,8.289,912
1210000,19112,-13637,20644,-12124,0,0,-38,499,-400,-620,104,-4274,9.275,8.289,912
1220000,20087,-12749,21627,-11141,0,0,-839,-101,-129,-402,110,-3478,9.347,8.512,912
1230000,21067,-11798,22610,-10158,0,0,-241,229,270,-543,387,-4314,9.396,9.119,912
1240000,22073,-10814,23593,-9175,0,0,150,-20,-94,113,938,-5358,9.645,9.433,912
1250000,23040,-9831,24576,-8192,0,0,-464,190,-186,525,946,-4238,9.264,9.422,912
1260000,23999,-8872,25559,-7209,0,0,-162,87,-60,974,273,-3399,9.202,9.196,912
1270000,24967,-7887,26542,-6226,0,0,-26,242,-39,1369,-210,-4539,9.281,9.448,912
1280000,25939,-6894,27526,-5242,0,0,102,76,-142,1134,193,-4366,9.316,9.515,912
1290000,26920,-5880,28509,-4259,0,0,-83,213,-135,749,303,-3844,9.401,9.723,912
1300000,27936,-4868,29492,-3276,0,0,171,135,-97,598,248,-3955,9.74,9.706,912
1310000,28913,-3867,30475,-2293,0,0,-81,170,-247,382,119,-4168,9.374,9.594,912
1320000,29872,-2873,31458,-1310,0,0,227,191,-294,10,460,-3653,9.189,9.526,912
1330000,30886,-1896,32441,-327,0,0,395,225,-143,-128,406,-4015,9.725,9.368,912
1340000,31842,-907,-32112,656,0,0,350,226,-323,60,189,-4186,9.167,9.486,912
1350000,-32697,93,-31129,1639,0,0,314,74,-395,10,248,-3768,9.551,9.587,912
1360000,-31735,1067,-30146,2622,0,0,479,290,-425,98,377,-3816,9.231,9.338,912
1370000,-30749,2039,-29163,3605,0,0,692,143,-294,-51,481,-3654,9.445,9.321,912
1380000,-29764,3001,-28180,4588,0,0,616,206,-362,189,141,-4210,9.445,9.219,912
1390000,-28745,3988,-27197,5571,0,0,670,109,-416,84,173,-3664,9.774,9.457,912
1400000,-27760,4976,-26214,6554,0,0,787,175,-444,-44,211,-3568,9.438,9.479,912
1410000,-26790,5933,-25231,7537,0,0,976,43,-515,138,302,-3859,9.303,9.174,912
1420000,-25789,6961,-24248,8520,0,0,980,-41,-446,-71,220,-3956,9.601,9.857,912
1429999,-24788,7917,-23265,9503,0,0,1141,-42,-426,-139,78,-3883,9.596,9.162,912
1439999,-23806,8884,-22282,10486,0,0,1115,-73,-432,-222,-95,-4033,9.414,9.269,912
1449999,-22841,9903,-21299,11469,0,0,1025,-133,-403,-306,-346,-4023,9.251,9.77,912
1459999,-21839,10792,-20316,12452,0,0,55,-168,-59,-446,-435,-3962,9.605,8.526,912
1469999,-20856,11835,-19333,13435,0,0,-91,-187,366,-773,-650,-4243,9.422,10.002,912
1479999,-19886,12782,-18350,14418,0,0,34,-16,417,-1274,-1197,-5139,9.308,9.079,912
1489999,-18906,13745,-17367,15401,0,0,160,2,406,-961,-922,-4873,9.39,9.231,912
1499999,-17950,14730,-16384,16384,0,0,-55,-185,473,-538,-166,-3922,9.165,9.448,912
1509999,-16953,15703,-15401,17367,0,0,-608,-939,1119,-279,356,-3501,9.558,9.325,912
1519999,-15971,16755,-14418,18350,0,0,-429,-1588,1737,-225,640,-3906,9.419,10.081,912
1529999,-14979,17867,-13434,19334,0,0,807,-790,1363,-30,57,-4717,9.505,10.662,912
1539999,-13977,18885,-12451,20317,0,0,-405,614,284,-555,-777,-5309,9.607,9.767,912
1549999,-13001,19878,-11468,21300,0,0,74,799,-251,-919,188,-4050,9.362,9.515,912
1559999,-11993,20913,-10485,22283,0,0,540,-62,-301,-431,196,-2763,9.658,9.923,912
1569999,-11032,21870,-9502,23266,0,0,-157,272,-243,-83,-81,-4719,9.22,9.178,912
1579999,-10039,22833,-8519,24249,0,0,209,113,346,373,-699,-5720,9.518,9.232,912
1589999,-9065,23822,-7536,25232,0,0,184,65,670,994,-1700,-3865,9.334,9.48,912
1599999,-8088,24818,-6553,26215,0,0,-81,139,245,919,-467,-3563,9.37,9.547,912
1609999,-7102,25805,-5570,27198,0,0,151,123,-1,775,480,-4771,9.457,9.462,912
1619999,-6091,26779,-4587,28181,0,0,183,92,83,864,11,-3878,9.685,9.343,912
1629999,-5107,27768,-3604,29164,0,0,-44,96,137,568,-300,-3490,9.443,9.478,912
1639999,-4118,28746,-2621,30147,0,0,-89,141,252,342,-418,-4316,9.478,9.375,912
1649999,-3138,29735,-1638,31130,0,0,-59,158,330,-23,-648,-3818,9.396,9.489,912
1659999,-2154,30696,-655,32113,0,0,-258,301,291,-348,-394,-3763,9.437,9.212,912
1669999,-1176,31699,328,-32440,0,0,-173,216,502,-250,19,-4210,9.373,9.618,912
1679999,-229,32685,1311,-31457,0,0,-564,215,433,-431,-623,-3827,9.077,9.447,912
1689999,760,-31884,2294,-30474,0,0,-599,240,563,87,-280,-4064,9.486,9.27,912
1699999,1744,-30892,3277,-29491,0,0,-303,234,615,107,-186,-3665,9.433,9.519,912
1709999,2759,-29883,4260,-28508,0,0,-584,394,278,-4,-215,-3836,9.733,9.668,912
1719999,3744,-28908,5243,-27525,0,0,-528,84,573,393,65,-3973,9.44,9.349,912
1729999,4751,-27920,6226,-26542,0,0,-572,222,400,228,-487,-3625,9.653,9.468,912
1739999,5740,-26925,7209,-25559,0,0,-507,177,227,303,143,-3710,9.479,9.539,912
1749999,6725,-25930,8192,-24576,0,0,-490,134,212,-64,20,-3692,9.444,9.547,912
1759999,7737,-24946,9175,-23593,0,0,-519,41,221,-88,-49,-3870,9.71,9.432,912
1769999,8719,-23959,10158,-22610,0,0,-613,-36,329,-247,3,-4078,9.409,9.459,912
1779999,9673,-22950,11141,-21627,0,0,-897,-170,568,-247,-68,-4076,9.145,9.68,912
1789999,10662,-21910,12125,-20643,0,0,-998,-163,768,-310,-160,-3985,9.481,9.964,912
1799999,11595,-20988,13108,-19660,0,0,-434,-331,413,-229,-85,-4057,8.953,8.839,912
1809999,12612,-20004,14091,-18677,0,0,345,-804,-407,-725,145,-4697,9.749,9.435,912
1819999,13576,-19041,15074,-17694,0,0,270,-1035,-537,-1352,819,-5427,9.241,9.234,912
1829999,14544,-18053,16057,-16711,0,0,177,-1364,-192,-433,859,-4674,9.276,9.476,912
1839999,15550,-17087,17040,-15728,0,0,-393,-848,-46,-158,-99,-3688,9.648,9.261,912
1849999,16540,-16218,18023,-14745,0,0,-759,427,614,-82,-578,-3701,9.491,8.328,912
1859999,17481,-15223,19006,-13762,0,0,-34,483,698,-1383,-389,-4298,9.02,9.541,912
1869999,18475,-14314,19989,-12779,0,0,77,552,154,-1376,-55,-4488,9.531,8.711,912
1879999,19452,-13440,20972,-11796,0,0,-480,185,-251,-585,48,-4119,9.366,8.384,912
1889999,20411,-12459,21955,-10813,0,0,-392,-6,120,-437,106,-3838,9.2,9.402,912
1899999,21425,-11515,22938,-9830,0,0,-155,208,242,-353,238,-4805,9.718,9.05,912
1909999,22383,-10491,23921,-8847,0,0,-143,3,-166,134,1017,-4769,9.187,9.818,912
1919999,23376,-9532,24904,-7864,0,0,-414,189,-183,520,842,-3947,9.522,9.191,912
1929999,24376,-8518,25887,-6881,0,0,-51,151,-140,1017,236,-3741,9.578,9.723,912
1939999,25370,-7535,26870,-5898,0,0,-61,194,-108,1246,15,-4548,9.531,9.424,912
1949999,26328,-6523,27853,-4915,0,0,102,114,-121,1140,279,-4158,9.188,9.707,912
1959999,27323,-5551,28836,-3932,0,0,49,222,-133,1071,128,-4155,9.543,9.316,912
1969999,28294,-4563,29819,-2949,0,0,99,120,-172,672,259,-3687,9.308,9.469,912
1979999,29259,-3540,30802,-1966,0,0,51,206,-118,278,193,-3890,9.254,9.811,912
1989999,30252,-2572,31785,-983,0,0,251,145,-249,27,194,-4035,9.514,9.285,912
1999999,31257,-1554,32768,0,0,0,158,271,-303,-318,461,-3882,9.641,9.755,912
2009999,32222,-563,-31785,983,0,0,494,110,-440,-170,485,-4055,9.251,9.504,912
2019999,-32342,394,-30802,1966,0,0,472,274,-494,-101,444,-4073,9.32,9.17,912
2029999,-31359,1388,-29819,2949,0,0,629,105,-450,-64,406,-3830,9.419,9.535,912
2039999,-30367,2354,-28835,3933,0,0,592,253,-282,61,259,-3811,9.507,9.259,912
2049999,-29409,3344,-27852,4916,0,0,698,140,-295,385,-29,-3776,9.191,9.491,912
2059999,-28443,4343,-26869,5899,0,0,541,126,-252,284,-13,-3663,9.257,9.585,912
2069999,-27401,5289,-25886,6882,0,0,810,90,-404,187,78,-3553,9.99,9.065,912
2079999,-26459,6304,-24903,7865,0,0,856,56,-387,-137,299,-3761,9.035,9.736,912
2089999,-25452,7284,-23920,8848,0,0,1062,-55,-428,-62,254,-4079,9.657,9.39,912
2099999,-24454,8228,-22937,9831,0,0,1096,-99,-495,-266,166,-4079,9.563,9.052,912
2109999,-23485,9232,-21954,10814,0,0,1095,-88,-483,-421,-34,-4019,9.294,9.622,912
2119999,-22500,10180,-20971,11797,0,0,1011,-98,-403,-433,-233,-4049,9.44,9.089,912
2129999,-21493,11168,-19988,12780,0,0,-104,-229,37,-498,-404,-4076,9.657,9.477,912
2139999,-20519,12158,-19005,13763,0,0,118,-92,362,-983,-803,-4622,9.338,9.495,912
2149999,-19542,13115,-18022,14746,0,0,125,60,426,-1129,-1303,-5162,9.371,9.172,912
2159999,-18586,14066,-17039,15729,0,0,132,38,436,-771,-830,-4412,9.159,9.118,912
2169999,-17591,15016,-16056,16712,0,0,-457,-420,825,-427,-164,-3516,9.539,9.111,912
2179999,-16603,16108,-15073,17695,0,0,-627,-1191,1627,-226,491,-3456,9.475,10.469,912
2189999,-15580,17190,-14090,18678,0,0,-463,-1691,1910,-20,559,-4310,9.805,10.366,912
2199999,-14599,18227,-13107,19661,0,0,769,16,933,-158,-299,-4869,9.404,9.943,912
2209999,-13633,19226,-12124,20644,0,0,-297,794,-114,-908,-467,-5388,9.27,9.579,912
2219999,-12653,20255,-11141,21627,0,0,450,378,-515,-720,355,-3443,9.389,9.867,912
2229999,-11655,21203,-10158,22610,0,0,215,122,-418,-258,270,-3167,9.567,9.093,912
2239999,-10665,22223,-9175,23593,0,0,-14,142,-72,314,-152,-5347,9.495,9.771,912
2249999,-9699,23180,-8192,24576,0,0,109,-13,641,580,-1356,-5111,9.257,9.182,912
2259999,-8706,24153,-7209,25559,0,0,132,163,633,1056,-1413,-3435,9.524,9.327,912
2269999,-7738,25150,-6226,26542,0,0,32,83,159,878,-87,-4153,9.278,9.561,912
2279999,-6751,26122,-5243,27525,0,0,190,144,66,840,403,-4681,9.47,9.315,912
2289999,-5749,27108,-4260,28508,0,0,163,109,130,720,-94,-3328,9.606,9.451,912
2299999,-4770,28096,-3276,29492,0,0,2,127,202,440,-313,-3898,9.381,9.48,912
2309999,-3777,29083,-2293,30475,0,0,-31,253,321,215,-470,-4348,9.52,9.46,912
2319999,-2796,30063,-1310,31458,0,0,-141,184,347,-495,-796,-3447,9.408,9.398,912
2329999,-1862,31051,-327,32441,0,0,-274,208,300,-396,-228,-4333,8.95,9.471,912
2339999,-832,32025,656,-32112,0,0,-308,196,670,-252,74,-4108,9.877,9.334,912
2349999,150,-32523,1639,-31129,0,0,-615,213,847,-288,-643,-3442,9.416,9.477,912
2359999,1092,-31538,2622,-30146,0,0,-606,282,689,315,-247,-4342,9.034,9.446,912
2369999,2074,-30553,3605,-29163,0,0,-414,244,644,192,-108,-3866,9.409,9.437,912
2379999,3065,-29553,4588,-28180,0,0,-660,238,561,-52,-584,-3270,9.5,9.586,912
2389999,4046,-28575,5571,-27197,0,0,-508,179,521,568,215,-4088,9.409,9.378,912
2399999,5064,-27580,6554,-26214,0,0,-423,226,165,40,-49,-3647,9.758,9.537,912
2409999,6088,-26582,7537,-25231,0,0,-358,137,93,-30,84,-3757,9.817,9.573,912
2419999,7068,-25611,8520,-24248,0,0,-499,136,180,-16,-8,-3943,9.398,9.307,912
2429999,8051,-24605,9503,-23265,0,0,-584,70,269,-73,40,-3800,9.429,9.642,912
2439999,8992,-23616,10486,-22282,0,0,-593,-100,360,-181,-111,-3968,9.022,9.485,912
2449999,9955,-22618,11469,-21299,0,0,-943,-189,583,-314,-139,-4112,9.229,9.569,912
2459999,10944,-21629,12452,-20316,0,0,-1113,-231,767,-203,-245,-4001,9.479,9.48,912
2469999,11934,-20632,13435,-19333,0,0,-99,-463,191,-261,-118,-4160,9.497,9.56,912
2479999,12918,-19656,14418,-18350,0,0,274,-852,-596,-1085,366,-5109,9.43,9.356,912
2489999,13917,-18665,15401,-17367,0,0,291,-1090,-507,-1046,1083,-5286,9.58,9.502,912
2499999,14916,-17727,16384,-16384,0,0,282,-1262,24,-357,599,-4243,9.576,8.989,912
2509999,15912,-16775,17367,-15401,0,0,-817,-306,324,186,-353,-3584,9.554,9.135,912
2519999,16877,-15886,18350,-14418,0,0,-340,405,704,-83,-434,-3707,9.252,8.521,912
2529999,17857,-14961,19333,-13435,0,0,-227,474,709,-1920,-446,-4545,9.389,8.87,912
2539999,18802,-14047,20316,-12452,0,0,205,523,70,-1258,25,-4495,9.06,8.758,912
2549999,19785,-13106,21300,-11468,0,0,-584,-68,-231,-548,6,-4211,9.428,9.021,912
2559999,20751,-12152,22283,-10485,0,0,-634,77,130,-413,122,-3951,9.26,9.15,912
2569999,21702,-11185,23266,-9502,0,0,-80,141,-22,-184,522,-4505,9.116,9.274,912
2579999,22649,-10186,24249,-8519,0,0,-76,87,-293,287,1114,-4856,9.08,9.572,912
2589999,23631,-9199,25232,-7536,0,0,-298,161,-218,902,737,-3860,9.416,9.46,912
2599998,24647,-8194,26215,-6553,0,0,-51,175,-79,1202,122,-3728,9.742,9.642,912
2609998,25629,-7224,27198,-5570,0,0,82,140,-46,1479,-238,-4798,9.409,9.299,912
2619998,26597,-6201,28181,-4587,0,0,-66,202,-117,973,177,-4097,9.287,9.809,912
2629998,27605,-5233,29164,-3604,0,0,80,132,-134,524,338,-3569,9.662,9.277,912
2639998,28614,-4214,30147,-2621,0,0,125,203,-69,329,199,-4171,9.67,9.772,912
2649998,29608,-3228,31130,-1638,0,0,94,162,-260,132,233,-4099,9.531,9.451,912
2659998,30551,-2242,32113,-655,0,0,247,220,-313,-154,415,-3717,9.046,9.448,912
2669998,31524,-1230,-32440,328,0,0,356,222,-279,-101,405,-4001,9.329,9.705,912
2679998,32504,-254,-31457,1311,0,0,352,159,-392,-38,326,-3966,9.392,9.357,912
2689998,-32052,727,-30474,2294,0,0,561,167,-453,-37,399,-3871,9.394,9.405,912
2699998,-31057,1704,-29491,3277,0,0,605,243,-433,71,397,-3977,9.541,9.367,912
2709998,-30050,2677,-28508,4260,0,0,610,146,-285,195,174,-3770,9.651,9.329,912
2719998,-29030,3650,-27525,5243,0,0,482,229,-334,231,3,-3645,9.782,9.326,912
2729998,-28061,4647,-26542,6226,0,0,839,23,-369,208,138,-3682,9.287,9.565,912
2739998,-27078,5636,-25559,7209,0,0,819,127,-416,20,250,-3904,9.428,9.477,912
2749998,-26136,6636,-24576,8192,0,0,989,-15,-498,-6,296,-3832,9.029,9.587,912
2759998,-25175,7575,-23593,9175,0,0,1109,-102,-459,-298,292,-3857,9.218,9.003,912
2769998,-24193,8574,-22610,10158,0,0,1095,-132,-480,-213,15,-4118,9.412,9.582,912
2779998,-23158,9564,-21627,11141,0,0,1036,-74,-487,-412,-189,-4042,9.922,9.49,912
2789998,-22179,10528,-20644,12124,0,0,584,-5,-286,-471,-426,-3995,9.384,9.249,912
2799998,-21192,11434,-19661,13107,0,0,-65,-155,229,-487,-452,-4082,9.468,8.68,912
2809998,-20203,12441,-18677,14091,0,0,46,-28,404,-1186,-890,-4773,9.483,9.653,912
2819998,-19181,13369,-17694,15074,0,0,216,118,318,-1100,-1240,-5116,9.799,8.896,912
2829998,-18214,14356,-16711,16057,0,0,151,-75,477,-672,-566,-4305,9.271,9.471,912
2839998,-17250,15313,-15728,17040,0,0,-599,-728,1089,-321,78,-3514,9.234,9.171,912
2849998,-16238,16366,-14745,18023,0,0,-583,-1365,1804,-203,629,-3577,9.708,10.094,912
2859998,-15281,17337,-13762,19006,0,0,-14,-1556,1839,112,347,-4485,9.172,9.312,912
2869998,-14288,18396,-12779,19989,0,0,244,297,613,-169,-585,-4849,9.517,10.151,912
2879998,-13294,19503,-11796,20972,0,0,-172,990,-328,-911,-466,-5052,9.533,10.61,912
2889998,-12302,20543,-10813,21955,0,0,548,241,-643,-553,164,-3353,9.511,9.979,912
2899998,-11341,21507,-9830,22938,0,0,50,-1,-474,-144,444,-3610,9.214,9.243,912
2909998,-10357,22510,-8847,23921,0,0,202,369,51,366,-167,-5479,9.435,9.616,912
2919998,-9356,23491,-7864,24904,0,0,21,-98,749,733,-1488,-4607,9.601,9.403,912
2929998,-8344,24491,-6881,25887,0,0,131,133,837,1013,-1195,-3480,9.693,9.59,912
2939998,-7398,25477,-5898,26870,0,0,-67,2,504,964,-134,-4355,9.076,9.446,912
2949998,-6409,26450,-4915,27853,0,0,154,201,168,776,386,-4538,9.485,9.327,912
2959998,-5469,27432,-3932,28836,0,0,203,119,-33,410,50,-3283,9.005,9.422,912
2969998,-4487,28419,-2949,29819,0,0,-2,115,69,62,-313,-3826,9.414,9.462,912
2979998,-3469,29379,-1966,30802,0,0,-64,281,378,151,-411,-4467,9.765,9.2,912
2989998,-2496,30368,-983,31785,0,0,-112,153,400,-288,-685,-3395,9.325,9.48,912
2999998,-1528,31365,0,32768,0,0,-377,228,399,-218,-280,-4308,9.282,9.562,912
3009998,-513,32347,983,-31785,0,0,-311,312,610,-131,-291,-3998,9.733,9.416,912
3019998,449,-32199,1966,-30802,0,0,-485,116,584,-243,-577,-3532,9.226,9.487,912
3029998,1442,-31211,2949,-29819,0,0,-569,347,569,162,-269,-4426,9.512,9.48,912
3039998,2407,-30216,3932,-28836,0,0,-591,138,805,151,-122,-3505,9.253,9.536,912
3049998,3416,-29241,4915,-27853,0,0,-570,287,490,268,-95,-3788,9.674,9.348,912
3059998,4345,-28247,5898,-26869,0,0,-465,134,265,197,67,-3771,8.914,9.526,912
3069998,5377,-27262,6882,-25886,0,0,-511,179,409,-89,-113,-3686,9.891,9.446,912
3079998,6373,-26275,7865,-24903,0,0,-614,151,351,287,-151,-3920,9.544,9.463,912
3089998,7344,-25283,8848,-23920,0,0,-513,97,258,-124,-3,-3794,9.311,9.51,912
3099998,8338,-24271,9831,-22937,0,0,-563,61,207,-307,-20,-3912,9.529,9.704,912
3109998,9338,-23277,10814,-21954,0,0,-753,-82,364,-202,47,-4059,9.593,9.525,912
3119998,10288,-22274,11797,-20971,0,0,-1038,-130,622,-282,-31,-4033,9.105,9.623,912
3129998,11298,-21294,12780,-19988,0,0,-725,-251,609,-181,-54,-4026,9.681,9.395,912
3139998,12272,-20338,13763,-19005,0,0,87,-638,-37,-388,-186,-4367,9.338,9.158,912
3149998,13282,-19361,14746,-18022,0,0,327,-879,-601,-1243,470,-5156,9.682,9.375,912
3159998,14233,-18393,15729,-17039,0,0,258,-1067,-333,-716,1160,-5096,9.125,9.273,912
3169998,15240,-17455,16712,-16056,0,0,211,-1256,139,-140,420,-4034,9.655,8.994,912
3179998,16177,-16499,17695,-15073,0,0,-882,-27,213,197,-389,-3462,8.98,9.171,912
3189998,17157,-15557,18678,-14090,0,0,-117,502,667,-560,-505,-3918,9.392,9.03,912
3199998,18145,-14582,19661,-13107,0,0,-244,523,560,-1920,-478,-4629,9.48,9.346,912
3209998,19138,-13734,20644,-12124,0,0,-141,159,0,-1027,64,-4376,9.512,8.13,912
3219998,20079,-12788,21627,-11141,0,0,-389,-34,29,-493,-11,-4334,9.022,9.073,912
3229998,21033,-11831,22610,-10158,0,0,-384,157,250,-350,178,-4344,9.148,9.173,912
3239998,22027,-10847,23593,-9175,0,0,-197,-20,-238,-101,735,-4298,9.529,9.432,912
3249998,23022,-9869,24576,-8192,0,0,-340,230,-331,446,929,-4354,9.544,9.38,912
3259998,24021,-8865,25559,-7209,0,0,-36,193,-311,1109,529,-3998,9.571,9.624,912
3269998,24994,-7857,26542,-6226,0,0,-151,199,-195,1281,131,-4266,9.334,9.662,912
3279998,25963,-6872,27525,-5243,0,0,118,146,-181,1150,107,-4077,9.29,9.447,912
3289998,26934,-5901,28508,-4260,0,0,54,179,-50,802,101,-4286,9.307,9.31,912
3299998,27891,-4906,29491,-3277,0,0,24,139,-150,618,160,-3900,9.178,9.533,912
3309998,28928,-3885,30474,-2294,0,0,130,200,-203,251,294,-3738,9.941,9.791,912
3319998,29920,-2900,31458,-1310,0,0,154,194,-108,64,279,-4037,9.514,9.44,912
3329998,30888,-1928,32441,-327,0,0,231,206,-261,-8,236,-4085,9.272,9.324,912
3339998,31862,-921,-32112,656,0,0,376,181,-445,-133,442,-3846,9.343,9.649,912
3349998,-32674,74,-31129,1639,0,0,451,212,-331,-117,499,-3864,9.582,9.543,912
3359998,-31689,1078,-30146,2622,0,0,510,220,-347,114,287,-3997,9.445,9.624,912
3369998,-30734,2010,-29163,3605,0,0,627,196,-357,88,223,-3813,9.159,8.942,912
3379998,-29768,3010,-28180,4588,0,0,424,99,-343,170,160,-3748,9.262,9.583,912
3389998,-28746,4015,-27197,5571,0,0,820,202,-541,134,263,-3716,9.796,9.637,912
3399998,-27758,4983,-26214,6554,0,0,773,60,-541,-48,430,-3783,9.474,9.276,912
3409998,-26754,5997,-25231,7537,0,0,1047,54,-538,-31,349,-3929,9.623,9.727,912
3419998,-25826,6942,-24248,8520,0,0,1000,32,-538,-60,200,-3996,8.9,9.058,912
3429998,-24816,7892,-23265,9503,0,0,1081,-90,-474,-138,34,-3829,9.684,9.107,912
3439998,-23845,8863,-22282,10486,0,0,1042,-77,-502,-226,-199,-3928,9.312,9.306,912
3449998,-22835,9900,-21299,11469,0,0,1023,-116,-473,-268,-313,-3941,9.677,9.949,912
3459998,-21873,10805,-20316,12452,0,0,145,-184,-160,-371,-445,-4018,9.23,8.675,912
3469998,-20872,11841,-19333,13435,0,0,-16,-207,381,-704,-581,-4246,9.591,9.934,912
3479998,-19901,12840,-18350,14418,0,0,71,-25,446,-1229,-1176,-5126,9.313,9.574,912
3489998,-18926,13793,-17367,15401,0,0,114,60,363,-1031,-1164,-4963,9.349,9.138,912
3499998,-17909,14802,-16384,16384,0,0,-97,-229,535,-588,-429,-3930,9.748,9.675,912
3509998,-16905,15752,-15401,17367,0,0,-660,-895,1174,-256,495,-3296,9.624,9.11,912
3519998,-15944,16698,-14418,18350,0,0,-548,-1525,1732,-36,829,-3879,9.218,9.069,912
3529998,-14944,17795,-13435,19333,0,0,875,-819,1305,32,139,-4727,9.583,10.514,912
3539998,-13969,18754,-12452,20316,0,0,-369,429,131,-657,-807,-5429,9.353,9.198,912
3549998,-12980,19823,-11469,21299,0,0,-96,767,-605,-1008,-159,-4176,9.482,10.245,912
3559998,-11964,20885,-10486,22282,0,0,542,91,-624,-426,178,-2891,9.74,10.181,912
3569998,-10963,21882,-9503,23266,0,0,-153,273,-413,150,266,-4370,9.591,9.558,912
3579998,-9979,22840,-8519,24249,0,0,284,-34,296,442,-435,-5633,9.439,9.189,912
3589998,-9029,23822,-7536,25232,0,0,153,219,622,880,-1693,-4264,9.108,9.417,912
3599998,-8051,24801,-6553,26215,0,0,11,101,371,815,-774,-3378,9.373,9.383,912
3609998,-7092,25790,-5570,27198,0,0,93,52,247,753,246,-4719,9.196,9.478,912
3619998,-6079,26774,-4587,28181,0,0,179,138,242,751,135,-3941,9.715,9.441,912
3629998,-5107,27760,-3604,29164,0,0,-36,103,193,555,-213,-3475,9.32,9.453,912
3639998,-4099,28754,-2621,30147,0,0,-50,177,298,344,-311,-4384,9.664,9.527,912
3649997,-3151,29733,-1638,31130,0,0,-25,230,393,84,-608,-3780,9.086,9.389,912
3659997,-2149,30719,-655,32113,0,0,-240,254,365,-294,-442,-3715,9.605,9.453,912
3669997,-1149,31703,328,-32440,0,0,-205,240,535,-187,-136,-4175,9.593,9.431,912
3679997,-169,32685,1311,-31457,0,0,-528,210,416,-452,-525,-3719,9.388,9.42,912
3689997,802,-31873,2294,-30474,0,0,-432,286,516,82,-94,-4314,9.312,9.372,912
3699997,1808,-30900,3277,-29491,0,0,-407,297,565,91,-120,-3727,9.642,9.325,912
3709997,2770,-29893,4260,-28508,0,0,-571,201,450,-31,-521,-3428,9.229,9.661,912
3719997,3739,-28906,5243,-27525,0,0,-535,141,561,472,8,-4251,9.287,9.459,912
3729997,4713,-27918,6226,-26542,0,0,-649,242,481,93,-414,-3618,9.345,9.478,912
3739997,5703,-26914,7209,-25559,0,0,-596,78,385,66,-29,-3642,9.486,9.622,912
3749997,6737,-25925,8192,-24576,0,0,-537,159,263,46,78,-4043,9.918,9.485,912
3759997,7675,-24927,9175,-23593,0,0,-628,94,259,-207,67,-3787,8.986,9.566,912
3769997,8661,-23947,10158,-22610,0,0,-540,72,262,-237,-16,-3886,9.454,9.397,912
3779997,9637,-22972,11141,-21627,0,0,-676,-107,392,-191,107,-4043,9.364,9.346,912
3789997,10599,-21990,12124,-20644,0,0,-947,-176,587,-330,-46,-4088,9.218,9.419,912
3799997,11564,-20934,13107,-19661,0,0,-503,-283,523,-223,-86,-3999,9.254,10.119,912
3809997,12575,-19984,14090,-18678,0,0,144,-713,-260,-552,-49,-4492,9.696,9.11,912
3819997,13560,-19045,15073,-17695,0,0,277,-964,-592,-1115,659,-5425,9.444,8.996,912
3829997,14549,-18047,16056,-16711,0,0,98,-1138,-134,-554,977,-4921,9.475,9.574,912
3839997,15519,-17080,17040,-15728,0,0,61,-1321,165,73,159,-3818,9.299,9.271,912
3849997,16492,-16131,18023,-14745,0,0,-881,345,184,10,-504,-3488,9.329,9.094,912
3859997,17464,-15236,19006,-13762,0,0,93,582,630,-970,-498,-4075,9.321,8.588,912
3869997,18430,-14354,19989,-12779,0,0,-146,615,448,-1773,-296,-4524,9.265,8.453,912
3879997,19433,-13421,20972,-11796,0,0,-366,-130,-81,-789,126,-4160,9.61,8.948,912
3889997,20398,-12450,21955,-10813,0,0,-430,90,139,-482,79,-4595,9.259,9.311,912
3899997,21403,-11515,22938,-9830,0,0,-227,102,11,-216,343,-4429,9.636,8.96,912
3909997,22388,-10532,23921,-8847,0,0,-271,160,-329,24,901,-4268,9.435,9.419,912
3919997,23350,-9496,24904,-7864,0,0,-340,214,-321,615,707,-4004,9.228,9.935,912
3929997,24341,-8527,25887,-6881,0,0,-73,89,-225,1181,254,-4173,9.502,9.292,912
3939997,25309,-7515,26870,-5898,0,0,66,223,-98,1261,32,-4424,9.276,9.7,912
3949997,26275,-6517,27853,-4915,0,0,92,114,-121,1172,185,-4262,9.263,9.568,912
3959997,27284,-5556,28836,-3932,0,0,-26,161,-101,843,272,-3819,9.674,9.22,912
3969997,28305,-4559,29819,-2949,0,0,137,158,-102,530,271,-3861,9.792,9.555,912
3979997,29253,-3588,30802,-1966,0,0,75,209,-233,198,204,-4067,9.088,9.305,912
3989997,30224,-2587,31785,-983,0,0,133,136,-274,-158,274,-3844,9.306,9.604,912
3999997,31194,-1571,32768,0,0,0,289,224,-299,-276,340,-3918,9.3,9.736,912
4009997,32196,-575,-31785,983,0,0,346,198,-263,-282,472,-4007,9.605,9.55,912
4019998,-32374,387,-30802,1966,0,0,561,256,-408,-6,385,-4137,9.265,9.225,912
4029998,-31374,1371,-29819,2949,0,0,613,172,-411,22,423,-3829,9.589,9.432,912
4039998,-30378,2384,-28836,3932,0,0,530,248,-556,210,186,-3733,9.55,9.712,912
4049998,-29423,3375,-27853,4915,0,0,737,255,-499,131,367,-3507,9.153,9.499,912
4059999,-28415,4364,-26869,5899,0,0,777,52,-430,316,337,-3887,9.668,9.482,912
4069999,-27412,5319,-25886,6882,0,0,867,86,-517,149,198,-3963,9.616,9.158,912
4079999,-26433,6301,-24903,7865,0,0,947,13,-552,-33,91,-3741,9.381,9.412,912
4089999,-25443,7303,-23920,8848,0,0,1013,-72,-541,-97,28,-3840,9.489,9.613,912
4099999,-24445,8244,-22937,9831,0,0,1029,-108,-470,-145,-64,-3928,9.575,9.024,912
4110000,-23446,9190,-21954,10814,0,0,1046,-115,-422,-238,-209,-3989,9.574,9.063,912
4120000,-22447,10193,-20971,11797,0,0,816,-109,-371,-341,-377,-4021,9.582,9.619,912
4130000,-21504,11148,-19988,12780,0,0,-129,-251,67,-523,-402,-3954,9.039,9.159,912
4140000,-20533,12133,-19005,13763,0,0,41,-213,442,-1108,-815,-4688,9.307,9.439,912
4150001,-19566,13092,-18022,14746,0,0,170,32,480,-1251,-1298,-5301,9.273,9.194,912
4160001,-18574,14072,-17039,15729,0,0,102,102,396,-739,-895,-4643,9.509,9.401,912
4170001,-17580,15067,-16056,16712,0,0,-346,-379,699,-436,-103,-3433,9.527,9.539,912
4180001,-16608,16043,-15073,17695,0,0,-709,-1062,1378,-222,755,-3244,9.321,9.352,912
4190002,-15604,17127,-14090,18678,0,0,-439,-1635,1702,30,692,-4198,9.622,10.394,912
4200002,-14618,18127,-13107,19661,0,0,945,-217,814,-107,-261,-5014,9.46,9.587,912
4210002,-13655,19161,-12123,20644,0,0,-513,681,-278,-916,-784,-5595,9.232,9.918,912
4220002,-12709,20159,-11140,21628,0,0,304,552,-659,-851,219,-3627,9.065,9.568,912
4230002,-11693,21210,-10157,22611,0,0,382,16,-548,-148,327,-2659,9.745,10.072,912
4240003,-10704,22214,-9174,23594,0,0,-100,286,-169,257,31,-5208,9.485,9.627,912
4250003,-9710,23192,-8191,24577,0,0,238,31,603,605,-1173,-5507,9.527,9.376,912
4260003,-8746,24165,-7208,25560,0,0,232,143,771,1011,-1624,-3609,9.239,9.328,912
4270003,-7764,25162,-6225,26543,0,0,-90,54,469,875,-192,-3842,9.413,9.555,912
4280004,-6758,26129,-5242,27526,0,0,149,103,285,807,497,-4678,9.646,9.271,912
4290004,-5756,27116,-4259,28509,0,0,163,128,188,607,93,-3525,9.607,9.47,912
4300004,-4761,28097,-3276,29492,0,0,-62,161,122,308,-382,-3751,9.547,9.405,912
4310004,-3768,29086,-2293,30475,0,0,-22,193,258,217,-474,-4457,9.512,9.478,912
4320004,-2776,30059,-1310,31458,0,0,-96,258,403,-199,-607,-3566,9.517,9.33,912
4330005,-1805,31044,-327,32441,0,0,-271,259,422,-229,-356,-3821,9.306,9.439,912
4340005,-821,32033,656,-32112,0,0,-255,196,582,-137,-202,-4150,9.433,9.484,912
4350005,157,-32527,1639,-31129,0,0,-580,339,546,-349,-710,-3809,9.379,9.36,912
4360005,1121,-31563,2622,-30146,0,0,-451,101,683,162,-31,-4098,9.241,9.24,912
4370006,2105,-30563,3605,-29163,0,0,-631,337,691,-41,-256,-3865,9.435,9.591,912
4380006,3074,-29573,4589,-28179,0,0,-461,116,592,170,-86,-3497,9.294,9.486,912
4390006,4073,-28587,5572,-27196,0,0,-544,261,375,271,-211,-4164,9.57,9.454,912
4400006,5044,-27608,6555,-26213,0,0,-510,165,373,125,-50,-3532,9.316,9.391,912
4410007,6029,-26606,7538,-25230,0,0,-519,147,333,71,21,-3690,9.438,9.602,912
4420007,7003,-25604,8521,-24247,0,0,-449,80,255,74,42,-3911,9.338,9.611,912
4430007,8007,-24608,9504,-23264,0,0,-593,87,311,-184,57,-3940,9.627,9.547,912
4440007,8971,-23607,10487,-22281,0,0,-887,-49,415,-272,-101,-3856,9.245,9.594,912
4450007,9932,-22614,11470,-21298,0,0,-813,-186,609,-285,67,-4089,9.216,9.519,912
4460008,10915,-21626,12453,-20315,0,0,-894,-241,722,-268,-127,-4278,9.423,9.473,912
4470008,11910,-20644,13436,-19332,0,0,-188,-399,179,-326,-240,-4043,9.544,9.418,912
4480008,12921,-19686,14419,-18349,0,0,335,-777,-561,-815,238,-4939,9.692,9.188,912
4490008,13883,-18699,15402,-17366,0,0,237,-916,-458,-1103,1115,-5221,9.222,9.461,912
4500009,14856,-17714,16385,-16383,0,0,196,-1113,71,-266,913,-4361,9.323,9.445,912
4510009,15878,-16771,17368,-15400,0,0,-334,-823,194,200,-372,-3501,9.798,9.036,912
4520009,16845,-15874,18351,-14417,0,0,-678,598,479,28,-708,-3682,9.275,8.596,912
4530009,17819,-14927,19334,-13434,0,0,86,537,547,-1540,-578,-4475,9.333,9.08,912
4540010,18787,-14029,20318,-12450,0,0,-310,312,142,-1589,-117,-4621,9.284,8.614,912
4550010,19778,-13059,21301,-11467,0,0,-235,-167,-112,-766,323,-4202,9.497,9.3,912
4560010,20773,-12117,22284,-10484,0,0,-534,171,292,-490,113,-4556,9.539,9.028,912
4570010,21731,-11168,23267,-9501,0,0,-135,4,-60,-100,517,-4193,9.191,9.104,912
4580010,22719,-10173,24250,-8518,0,0,-468,288,-336,219,809,-4333,9.472,9.536,912
4590011,23708,-9224,25233,-7535,0,0,-36,49,-363,1083,600,-3944,9.482,9.097,912
4600011,24690,-8221,26216,-6552,0,0,-263,277,-137,1169,173,-4289,9.407,9.617,912
4610011,25665,-7193,27199,-5569,0,0,295,3,-76,1316,219,-4299,9.351,9.854,912
4620011,26630,-6176,28182,-4586,0,0,-53,285,-69,939,136,-4360,9.257,9.756,912
4630012,27629,-5153,29165,-3603,0,0,149,71,-152,640,308,-3621,9.571,9.803,912
4640012,28604,-4182,30148,-2620,0,0,-1,240,-152,279,171,-3887,9.345,9.314,912
4650012,29606,-3192,31131,-1637,0,0,216,123,-144,185,237,-4100,9.609,9.491,912
4660012,30595,-2229,32114,-654,0,0,133,246,-309,-46,258,-3980,9.48,9.232,912
4670012,31542,-1218,-32439,329,0,0,372,223,-348,-226,482,-3710,9.081,9.697,912
4680013,32519,-254,-31456,1312,0,0,383,199,-436,-50,421,-4045,9.368,9.237,912
4690013,-32050,743,-30473,2296,0,0,525,125,-414,-61,431,-3983,9.277,9.561,912
4700013,-31052,1715,-29489,3279,0,0,586,229,-452,0,420,-3892,9.568,9.319,912
4710013,-30057,2708,-28506,4262,0,0,675,189,-357,139,298,-3864,9.539,9.515,912
4720014,-29080,3690,-27523,5245,0,0,668,240,-441,230,31,-3804,9.36,9.415,912
4730014,-28121,4667,-26540,6228,0,0,754,136,-501,86,167,-3477,9.196,9.367,912
4740014,-27112,5612,-25557,7211,0,0,880,65,-525,82,238,-3750,9.679,9.065,912
4750014,-26143,6631,-24574,8194,0,0,968,5,-513,40,193,-3990,9.289,9.769,912
4760015,-25113,7612,-23591,9177,0,0,1045,-81,-509,-62,140,-3948,9.871,9.406,912
4770015,-24129,8562,-22608,10160,0,0,1012,-108,-486,-217,-107,-3989,9.436,9.106,912
4780015,-23131,9501,-21625,11143,0,0,1108,-117,-456,-270,-228,-4002,9.57,9.007,912
4790015,-22166,10498,-20642,12126,0,0,523,-180,-288,-369,-359,-3942,9.248,9.556,912
4800015,-21165,11429,-19659,13109,0,0,-101,-247,171,-539,-482,-4070,9.598,8.921,912
4810016,-20195,12438,-18676,14092,0,0,52,-107,519,-1282,-1066,-4855,9.297,9.679,912
4820016,-19206,13474,-17693,15075,0,0,172,60,537,-1070,-1362,-5211,9.483,9.93,912
4830016,-18233,14457,-16710,16058,0,0,19,16,578,-735,-790,-4291,9.33,9.423,912
4840016,-17257,15431,-15727,17041,0,0,-574,-665,1082,-303,156,-3356,9.359,9.341,912
4850017,-16282,16446,-14744,18024,0,0,-656,-1352,1654,-207,851,-3430,9.344,9.729,912
4860017,-15250,17499,-13760,19008,0,0,256,-1220,1521,7,532,-4494,9.898,10.097,912
4870017,-14277,18553,-12777,19991,0,0,147,241,353,-289,-452,-5342,9.322,10.107,912
4880017,-13290,19555,-11794,20974,0,0,-222,693,-508,-1036,-354,-4901,9.469,9.609,912
4890018,-12328,20524,-10811,21957,0,0,546,211,-691,-625,212,-3159,9.219,9.288,912
4900018,-11341,21522,-9828,22940,0,0,-78,165,-488,8,332,-3569,9.461,9.57,912
4910018,-10305,22506,-8845,23923,0,0,221,10,45,453,-299,-5606,9.935,9.43,912
4920018,-9321,23530,-7862,24906,0,0,91,190,439,713,-1580,-4684,9.434,9.822,912
4930018,-8388,24512,-6879,25889,0,0,95,95,429,902,-1003,-3348,8.949,9.408,912
4940019,-7384,25495,-5896,26872,0,0,144,152,393,895,52,-4676,9.619,9.424,912
4950019,-6411,26466,-4913,27855,0,0,153,133,282,857,98,-3921,9.333,9.311,912
4960019,-5438,27437,-3930,28838,0,0,37,101,57,528,-107,-3612,9.333,9.311,912
4970019,-4477,28414,-2947,29821,0,0,49,195,126,304,-349,-4313,9.206,9.368,912
4980020,-3521,29398,-1964,30804,0,0,-6,179,372,2,-544,-3680,9.172,9.434,912
4990020,-2509,30385,-981,31787,0,0,-196,192,449,-140,-339,-3822,9.703,9.461,912
5000020,-1517,31368,2,-32766,0,0,-278,259,604,-176,-203,-4201,9.51,9.423,912
5010020,-510,32356,985,-31783,0,0,-478,277,523,-412,-399,-3750,9.648,9.473,912
5020021,485,-32202,1969,-30799,0,0,-425,258,514,-95,-301,-4182,9.543,9.38,912
5030021,1491,-31227,2952,-29816,0,0,-659,277,516,-193,-533,-3806,9.643,9.351,912
5040021,2454,-30236,3935,-28833,0,0,-514,139,739,188,-191,-3695,9.235,9.501,912
5050021,3444,-29244,4918,-27850,0,0,-663,282,559,340,-171,-4134,9.491,9.51,912
5060021,4421,-28257,5901,-26867,0,0,-528,126,485,235,-26,-3497,9.364,9.462,912
5070022,5369,-27265,6884,-25884,0,0,-443,234,239,155,-120,-3759,9.087,9.506,912
5080022,6373,-26282,7867,-24901,0,0,-463,102,123,55,202,-3703,9.625,9.424,912
5090022,7357,-25268,8850,-23918,0,0,-529,116,267,6,167,-3892,9.437,9.719,912
5100022,8331,-24277,9833,-22935,0,0,-672,-29,338,-142,-111,-3875,9.337,9.505,912
5110023,9318,-23285,10816,-21952,0,0,-810,-157,568,-225,-131,-4079,9.461,9.512,912
5120023,10311,-22258,11799,-20969,0,0,-1026,-169,766,-302,-207,-4088,9.521,9.842,912
5130023,11295,-21259,12782,-19986,0,0,-768,-230,554,-256,-169,-4014,9.434,9.582,912
5140023,12289,-20331,13765,-19003,0,0,199,-548,-280,-482,15,-4377,9.538,8.897,912
5150023,13251,-19337,14748,-18020,0,0,327,-847,-652,-1303,828,-5346,9.217,9.531,912
5160024,14248,-18364,15731,-17037,0,0,262,-989,-224,-751,1189,-4890,9.56,9.33,912
5170024,15234,-17341,16714,-16054,0,0,173,-1229,246,-23,331,-3865,9.452,9.806,912
5180024,16186,-16450,17698,-15070,0,0,-767,-216,212,330,-586,-3395,9.132,8.535,912
5190024,17170,-15524,18681,-14087,0,0,-53,666,568,-522,-646,-4024,9.429,8.878,912
5200025,18168,-14589,19664,-13104,0,0,-189,511,410,-1986,-418,-4896,9.571,8.973,912
5210025,19133,-13665,20647,-12121,0,0,-364,31,-132,-1174,37,-4219,9.249,8.852,912
5220025,20055,-12786,21630,-11138,0,0,-252,19,118,-546,196,-4227,8.841,8.433,912
5230025,21066,-11816,22613,-10155,0,0,-323,151,263,-288,253,-4622,9.693,9.297,912
5240026,22040,-10835,23596,-9172,0,0,-260,38,-332,31,850,-4327,9.341,9.406,912
5250026,23033,-9841,24579,-8189,0,0,-353,264,-337,464,790,-3977,9.521,9.528,912
5260026,23999,-8838,25562,-7206,0,0,-25,143,-286,1182,321,-4157,9.255,9.621,912
5270026,24979,-7864,26545,-6223,0,0,-119,160,-122,1342,23,-4354,9.399,9.333,912
5280026,25987,-6861,27528,-5240,0,0,35,121,-121,1341,67,-4156,9.661,9.622,912
5290027,26958,-5881,28511,-4257,0,0,65,171,-131,778,292,-4083,9.315,9.387,912
5300027,27925,-4904,29494,-3274,0,0,42,178,-119,375,410,-3834,9.271,9.373,912
5310027,28922,-3932,30477,-2291,0,0,162,146,-144,153,172,-4066,9.553,9.312,912
5320027,29905,-2910,31460,-1308,0,0,26,223,-261,-170,171,-3864,9.425,9.805,912
5330028,30904,-1911,32443,-325,0,0,349,174,-271,-197,411,-3867,9.583,9.575,912
5340028,31903,-921,-32109,659,0,0,460,304,-348,-82,402,-4249,9.58,9.489,912
5350028,-32659,89,-31126,1642,0,0,379,77,-518,43,488,-3934,9.332,9.689,912
5360028,-31703,1055,-30143,2625,0,0,487,262,-520,-30,366,-3608,9.164,9.259,912
5370029,-30680,2061,-29160,3608,0,0,683,154,-401,168,288,-3841,9.815,9.649,912
5380029,-29694,3006,-28177,4591,0,0,558,291,-442,234,207,-3919,9.447,9.059,912
5390029,-28694,3997,-27194,5574,0,0,744,166,-544,131,288,-3568,9.592,9.5,912
5400029,-27754,4989,-26211,6557,0,0,870,56,-567,40,286,-3790,9.011,9.508,912
5410029,-26772,5994,-25228,7540,0,0,1002,26,-532,88,237,-4005,9.419,9.633,912
5420030,-25766,6963,-24245,8523,0,0,1014,-31,-454,-41,73,-3935,9.644,9.297,912
5430030,-24793,7921,-23262,9506,0,0,1010,-56,-463,-97,-82,-3861,9.324,9.181,912
5440030,-23787,8874,-22279,10489,0,0,1043,-123,-482,-193,-180,-3853,9.649,9.135,912
5450030,-22826,9886,-21296,11472,0,0,945,-140,-437,-358,-355,-3940,9.212,9.705,912
5460031,-21849,10806,-20313,12455,0,0,92,-178,-106,-381,-468,-4028,9.37,8.819,912
5470031,-20878,11761,-19330,13438,0,0,-14,-281,465,-749,-588,-4345,9.308,9.153,912
5480031,-19901,12796,-18347,14421,0,0,71,-32,556,-1336,-1209,-5201,9.359,9.924,912
5490031,-18917,13780,-17364,15404,0,0,247,141,496,-996,-1243,-4984,9.44,9.432,912
5500031,-17934,14773,-16380,16388,0,0,-115,-13,663,-572,-530,-3845,9.422,9.527,912
5510032,-16950,15703,-15397,17371,0,0,-740,-778,1255,-178,543,-3120,9.433,8.912,912
5520032,-15974,16784,-14414,18354,0,0,-717,-1466,1697,-132,952,-3642,9.36,10.37,912
5530032,-14987,17730,-13431,19337,0,0,833,-861,1240,-29,257,-4866,9.457,9.066,912
5540032,-13948,18810,-12448,20320,0,0,-383,345,24,-563,-611,-5630,9.968,10.355,912
5550033,-12983,19823,-11465,21303,0,0,43,553,-624,-1023,-102,-4416,9.247,9.71,912
5560033,-11980,20771,-10482,22286,0,0,567,132,-681,-294,274,-2977,9.613,9.088,912
5570033,-11009,21820,-9499,23269,0,0,-186,165,-465,213,143,-4099,9.316,10.056,912
5580033,-10027,22789,-8516,24252,0,0,236,-1,201,453,-817,-5557,9.409,9.294,912
5590034,-9041,23813,-7533,25235,0,0,168,235,623,843,-1642,-4171,9.453,9.822,912
5600034,-8048,24809,-6550,26218,0,0,90,138,589,899,-528,-3600,9.528,9.544,912
5610034,-7081,25774,-5567,27201,0,0,67,86,483,881,312,-4728,9.27,9.254,912
5620034,-6089,26775,-4584,28184,0,0,192,159,239,844,120,-3972,9.508,9.598,912
5630034,-5115,27775,-3601,29167,0,0,106,134,59,416,-324,-3376,9.335,9.589,912
5640035,-4122,28751,-2618,30150,0,0,-80,172,167,144,-385,-4160,9.527,9.348,912
5650035,-3153,29730,-1634,31133,0,0,-72,234,424,61,-371,-4153,9.289,9.395,912
5660035,-2162,30717,-651,32117,0,0,-134,168,453,-295,-468,-3494,9.503,9.457,912
5670035,-1199,31702,332,-32436,0,0,-323,319,485,-283,-373,-4192,9.229,9.442,912
5680036,-212,32678,1315,-31453,0,0,-439,207,680,-385,-428,-3836,9.463,9.356,912
5690036,824,-31866,2298,-30470,0,0,-557,228,795,-67,-249,-4144,9.93,9.515,912
5700036,1782,-30870,3281,-29487,0,0,-724,319,738,-40,-342,-3808,9.182,9.545,912
5710036,2771,-29885,4264,-28504,0,0,-586,64,705,326,-107,-3887,9.484,9.446,912
5720037,3758,-28889,5247,-27521,0,0,-644,308,575,188,-228,-3765,9.467,9.55,912
5730037,4751,-27904,6230,-26538,0,0,-444,124,361,306,140,-3568,9.522,9.441,912
5740037,5706,-26942,7213,-25555,0,0,-407,211,92,144,-4,-3906,9.148,9.22,912
5750037,6720,-25939,8196,-24572,0,0,-374,101,131,-38,179,-3638,9.723,9.623,912
5760037,7702,-24945,9179,-23589,0,0,-505,128,312,-43,-49,-3827,9.415,9.525,912
5770038,8661,-23940,10162,-22606,0,0,-819,-87,350,-203,-136,-3874,9.2,9.642,912
5780038,9641,-22935,11145,-21623,0,0,-737,-181,602,-246,7,-4164,9.395,9.636,912
5790038,10637,-21973,12128,-20640,0,0,-905,-229,731,-335,-144,-4251,9.551,9.221,912
5800038,11606,-20983,13111,-19657,0,0,-490,-339,448,-296,-264,-4144,9.286,9.493,912
5810039,12602,-20004,14094,-18674,0,0,233,-692,-324,-658,10,-4505,9.547,9.385,912
5820039,13584,-19053,15078,-17690,0,0,195,-911,-490,-1204,810,-5311,9.415,9.114,912
5830039,14574,-18089,16061,-16707,0,0,177,-1069,-113,-435,1034,-4694,9.493,9.24,912
5840039,15559,-17088,17044,-15724,0,0,33,-1120,159,19,113,-3733,9.442,9.598,912
5850040,16533,-16049,18027,-14741,0,0,-864,486,279,88,-452,-3475,9.341,9.966,912
5860040,17515,-15226,19010,-13758,0,0,68,575,568,-1092,-613,-4150,9.412,7.888,912
5870040,18487,-14378,19993,-12775,0,0,-243,538,309,-1798,-475,-4531,9.325,8.133,912
5880040,19458,-13397,20976,-11792,0,0,-258,-188,-209,-856,205,-4342,9.304,9.406,912
5890040,20450,-12499,21959,-10809,0,0,-405,133,211,-532,216,-4766,9.51,8.606,912
5900041,21424,-11479,22942,-9826,0,0,-316,30,96,-144,506,-4221,9.342,9.781,912
5910041,22376,-10535,23925,-8843,0,0,-274,184,-299,122,763,-4225,9.126,9.051,912
5920041,23357,-9511,24908,-7860,0,0,-178,174,-395,767,581,-4021,9.404,9.815,912
5930041,24328,-8506,25891,-6877,0,0,-213,161,-258,1277,192,-4276,9.307,9.639,912
5940042,25329,-7514,26874,-5894,0,0,97,129,-74,1278,183,-4150,9.6,9.504,912
5950042,26309,-6512,27857,-4911,0,0,-8,204,-111,1103,191,-4321,9.395,9.612,912
5960042,27293,-5527,28840,-3928,0,0,142,67,-191,752,393,-3976,9.431,9.444,912
5970042,28271,-4535,29823,-2945,0,0,-21,197,-135,371,186,-3871,9.379,9.512,912
5980042,29282,-3540,30807,-1961,0,0,24,63,-140,121,139,-3863,9.691,9.532,912
5990043,30239,-2605,31790,-978,0,0,183,262,-307,-175,226,-3983,9.177,8.971,912
6000043,31228,-1604,-32763,5,0,0,387,218,-336,-346,502,-4032,9.479,9.597,912
6010043,32227,-619,-31780,988,0,0,273,188,-409,-162,539,-4031,9.584,9.442,912
6020043,-32326,370,-30797,1971,0,0,544,278,-665,-111,494,-3719,9.423,9.477,912
6030044,-31345,1359,-29814,2954,0,0,738,213,-691,125,483,-4015,9.402,9.486,912
6040044,-30348,2370,-28831,3937,0,0,615,258,-568,191,404,-3747,9.562,9.696,912
6050044,-29390,3360,-27848,4920,0,0,844,124,-431,277,326,-3677,9.189,9.484,912
6060044,-28400,4332,-26865,5903,0,0,785,144,-268,296,1,-3947,9.488,9.322,912
6070045,-27414,5343,-25882,6886,0,0,716,53,-427,275,-317,-3854,9.449,9.694,912
6080045,-26445,6332,-24899,7869,0,0,811,14,-465,-88,14,-3555,9.291,9.483,912
6090045,-25474,7271,-23916,8852,0,0,928,-92,-401,-104,77,-3772,9.316,8.998,912
6100045,-24481,8276,-22933,9835,0,0,996,-75,-406,-147,47,-4057,9.519,9.639,912
6110045,-23478,9219,-21950,10818,0,0,1094,-95,-430,-286,-57,-4064,9.616,9.043,912
6120046,-22486,10174,-20967,11801,0,0,850,-75,-428,-467,-169,-4037,9.507,9.154,912
6130046,-21523,11127,-19984,12785,0,0,-91,-261,-18,-530,-367,-4079,9.232,9.138,912
6140046,-20532,12094,-19000,13768,0,0,106,-181,343,-1118,-730,-4611,9.5,9.27,912
6150046,-19542,13104,-18017,14751,0,0,285,121,463,-1258,-1356,-5250,9.49,9.684,912
6160047,-18567,14081,-17034,15734,0,0,128,238,586,-779,-1092,-4603,9.35,9.362,912
6170047,-17561,15107,-16051,16717,0,0,-294,-239,1006,-385,-276,-3511,9.644,9.839,912
6180047,-16565,16145,-15068,17700,0,0,-857,-1024,1645,-248,607,-3146,9.548,9.955,912
6190047,-15602,17117,-14085,18683,0,0,-559,-1593,1858,-78,771,-4088,9.235,9.319,912
6200048,-14636,18154,-13102,19666,0,0,829,-391,929,-27,-85,-4988,9.266,9.939,912
6210048,-13638,19141,-12119,20649,0,0,-478,608,-316,-794,-657,-5603,9.56,9.467,912
6220048,-12681,20218,-11136,21632,0,0,463,415,-745,-770,178,-3973,9.182,10.322,912
6230048,-11674,21208,-10153,22615,0,0,305,-9,-578,-137,521,-2938,9.649,9.496,912
6240048,-10650,22169,-9170,23598,0,0,-86,216,-168,402,111,-4568,9.825,9.207,912
6250049,-9681,23179,-8187,24581,0,0,141,6,568,640,-1353,-5583,9.285,9.685,912
6260049,-8709,24157,-7204,25564,0,0,269,189,830,1100,-1746,-3893,9.319,9.375,912
6270049,-7708,25152,-6221,26547,0,0,40,41,598,927,-383,-3646,9.603,9.541,912
6280049,-6764,26120,-5238,27530,0,0,0,140,280,692,482,-4643,9.049,9.284,912
6290050,-5781,27103,-4255,28513,0,0,225,154,167,445,322,-3803,9.423,9.423,912
6300050,-4769,28079,-3271,29497,0,0,80,184,158,228,-194,-3567,9.7,9.361,912
6310050,-3762,29054,-2288,30480,0,0,-112,158,247,110,-496,-4094,9.658,9.347,912
6320050,-2790,30046,-1305,31463,0,0,-147,221,366,9,-605,-4125,9.312,9.508,912
6330050,-1813,31042,-322,32446,0,0,-272,323,399,-256,-577,-3737,9.372,9.546,912
6340051,-827,32032,661,-32107,0,0,-239,163,459,-176,-267,-3901,9.452,9.491,912
6350051,196,-32544,1644,-31124,0,0,-477,354,569,-162,-202,-4107,9.806,9.208,912
6360051,1170,-31537,2627,-30141,0,0,-569,125,690,-78,-235,-3662,9.337,9.658,912
6370051,2115,-30553,3610,-29158,0,0,-589,233,674,206,-369,-4217,9.06,9.431,912
6380052,3141,-29564,4593,-28175,0,0,-537,190,615,172,-387,-3669,9.841,9.48,912
6390052,4133,-28565,5576,-27192,0,0,-584,155,629,109,-67,-3576,9.504,9.577,912
6400052,5123,-27576,6559,-26209,0,0,-655,213,238,231,-52,-3921,9.491,9.481,912
6410052,6079,-26594,7542,-25226,0,0,-320,119,96,140,426,-3934,9.166,9.418,912
6420053,7066,-25597,8525,-24243,0,0,-460,174,197,-304,13,-3621,9.468,9.556,912
6430053,8039,-24593,9508,-23260,0,0,-552,27,322,-33,-136,-3734,9.325,9.623,912
6440053,9025,-23599,10491,-22277,0,0,-784,-82,458,-131,-63,-4096,9.458,9.535,912
6450053,10010,-22602,11474,-21294,0,0,-1002,-142,723,-188,-221,-4070,9.442,9.56,912
6460053,10998,-21612,12458,-20310,0,0,-977,-198,722,-261,-64,-4006,9.475,9.487,912
6470054,12010,-20622,13441,-19327,0,0,25,-456,86,-369,-53,-4240,9.695,9.497,912
6480054,12995,-19646,14424,-18344,0,0,236,-770,-579,-1113,302,-5060,9.445,9.356,912
6490054,13934,-18687,15407,-17361,0,0,253,-947,-387,-870,1084,-5131,9.003,9.19,912
6500054,14913,-17747,16390,-16378,0,0,250,-1152,95,-250,561,-4212,9.383,9.011,912
6510055,15877,-16713,17373,-15395,0,0,-422,-660,279,176,-320,-3548,9.248,9.92,912
6520055,16863,-15800,18356,-14412,0,0,-500,670,536,-116,-452,-3785,9.456,8.752,912
6530055,17854,-14851,19339,-13429,0,0,-30,502,499,-1735,-561,-4560,9.498,9.1,912
6540055,18792,-13927,20322,-12446,0,0,-374,172,-7,-1461,-308,-4482,8.991,8.856,912
6550056,19775,-13032,21305,-11463,0,0,-189,-86,-23,-600,243,-4311,9.422,8.577,912
6560056,20741,-12145,22288,-10480,0,0,-406,158,373,-325,330,-4612,9.26,8.509,912
6570056,21714,-11192,23271,-9497,0,0,-207,25,-234,24,827,-4180,9.332,9.13,912
6580056,22703,-10215,24254,-8514,0,0,-381,189,-351,312,798,-4149,9.484,9.37,912
6590056,23689,-9189,25237,-7531,0,0,-184,159,-322,1042,352,-4022,9.449,9.835,912
6600057,24684,-8198,26220,-6548,0,0,-69,147,-160,1340,42,-4368,9.541,9.502,912
6610057,25681,-7195,27203,-5565,0,0,102,200,-45,1203,170,-4295,9.56,9.612,912
6620057,26657,-6210,28187,-4581,0,0,-74,126,-111,841,248,-4039,9.353,9.446,912
6630057,27639,-5182,29170,-3598,0,0,87,167,-180,379,280,-3866,9.421,9.861,912
6640058,28649,-4185,30153,-2615,0,0,18,120,-140,157,209,-4034,9.677,9.557,912
6650058,29619,-3231,31136,-1632,0,0,208,215,-276,-40,329,-3904,9.302,9.145,912
6660058,30588,-2212,32119,-649,0,0,249,185,-342,-169,463,-4098,9.288,9.768,912
6670058,31559,-1236,-32434,334,0,0,341,202,-488,-120,419,-3969,9.308,9.362,912
6680059,32510,-260,-31451,1317,0,0,468,266,-487,-159,464,-3758,9.118,9.356,912
6690059,-32054,746,-30468,2300,0,0,523,173,-432,120,357,-3947,9.32,9.643,912
6700059,-31070,1715,-29485,3283,0,0,656,230,-412,144,316,-3785,9.435,9.293,912
6710059,-30078,2698,-28502,4266,0,0,606,220,-361,342,137,-3878,9.508,9.422,912
6720059,-29076,3672,-27519,5249,0,0,568,199,-462,268,63,-3724,9.613,9.336,912
6730060,-28110,4640,-26536,6232,0,0,728,88,-542,57,292,-3492,9.262,9.28,912
6740060,-27091,5605,-25553,7215,0,0,969,32,-526,35,266,-3938,9.768,9.255,912
6750060,-26117,6610,-24570,8198,0,0,989,-10,-486,94,126,-4153,9.334,9.635,912
6760060,-25134,7607,-23587,9181,0,0,1085,-54,-453,-156,73,-3829,9.427,9.556,912
6770061,-24110,8589,-22604,10164,0,0,1108,-74,-431,-212,-98,-3896,9.82,9.415,912
6780061,-23100,9574,-21620,11148,0,0,967,-114,-330,-238,-275,-3977,9.682,9.445,912
6790061,-22148,10548,-20637,12131,0,0,538,-96,-240,-341,-442,-3969,9.127,9.338,912
6800061,-21190,11477,-19654,13114,0,0,-183,-302,301,-557,-505,-4095,9.18,8.907,912
6810061,-20219,12466,-18671,14097,0,0,91,-143,542,-1291,-967,-4900,9.313,9.479,912
6820062,-19204,13431,-17688,15080,0,0,222,68,512,-1152,-1417,-5269,9.727,9.257,912
6830062,-18210,14436,-16705,16063,0,0,44,127,614,-808,-863,-4265,9.528,9.635,912
6840062,-17227,15489,-15722,17046,0,0,-444,-414,1072,-273,160,-3285,9.433,10.095,912
6850062,-16255,16490,-14739,18029,0,0,-860,-1238,1648,-145,818,-3345,9.311,9.589,912
6860063,-15284,17461,-13756,19012,0,0,23,-1542,1639,-111,661,-4379,9.315,9.315,912
6870063,-14250,18502,-12773,19995,0,0,485,61,476,-256,-365,-5299,9.91,9.979,912
6880063,-13276,19540,-11790,20978,0,0,-274,677,-497,-1005,-541,-5361,9.341,9.952,912
6890063,-12302,20562,-10807,21961,0,0,407,280,-722,-590,70,-3381,9.333,9.796,912
6900064,-11272,21538,-9824,22944,0,0,103,198,-588,67,593,-3125,9.877,9.356,912
6910064,-10297,22528,-8841,23927,0,0,39,37,-110,429,33,-5226,9.352,9.498,912
6920064,-9349,23505,-7858,24910,0,0,179,143,563,600,-1623,-5077,9.085,9.361,912
6930064,-8378,24505,-6875,25893,0,0,228,97,866,1057,-1210,-3636,9.313,9.593,912
6940064,-7421,25481,-5891,26877,0,0,35,132,612,1009,-209,-4130,9.172,9.349,912
6950065,-6436,26466,-4908,27860,0,0,66,146,126,677,199,-4320,9.443,9.448,912
6960065,-5420,27426,-3925,28843,0,0,186,161,-22,412,46,-3739,9.741,9.201,912
6970065,-4460,28413,-2942,29826,0,0,-46,166,165,209,-197,-3674,9.204,9.469,912
6980065,-3454,29399,-1959,30809,0,0,-110,140,389,232,-389,-4212,9.647,9.45,912
6990066,-2459,30388,-976,31792,0,0,-106,262,442,26,-561,-3983,9.535,9.487,912
7000066,-1505,31378,7,-32761,0,0,-282,255,319,-339,-503,-3598,9.147,9.487,912
7010066,-516,32348,990,-31778,0,0,-320,195,525,-140,-171,-4232,9.484,9.296,912
7020066,464,-32201,1973,-30795,0,0,-489,322,663,-238,-173,-3865,9.396,9.471,912
7030067,1481,-31219,2956,-29812,0,0,-516,140,674,-131,-396,-3647,9.752,9.408,912
7040067,2452,-30232,3939,-28829,0,0,-745,274,626,251,-483,-4332,9.31,9.465,912
7050067,3421,-29231,4922,-27846,0,0,-715,168,897,165,-215,-3648,9.284,9.599,912
7060067,4438,-28243,5905,-26863,0,0,-667,161,689,230,-90,-3632,9.751,9.472,912
7070067,5391,-27256,6888,-25880,0,0,-513,148,227,105,111,-3836,9.136,9.464,912
7080068,6395,-26257,7871,-24897,0,0,-412,178,88,-46,354,-3903,9.625,9.58,912
7090068,7382,-25252,8855,-23914,0,0,-464,140,166,-139,22,-3673,9.469,9.626,912
7100068,8329,-24265,9838,-22930,0,0,-639,68,298,-95,-60,-3794,9.074,9.466,912
7110068,9318,-23260,10821,-21947,0,0,-692,-134,526,-87,72,-4038,9.482,9.634,912
7120069,10288,-22277,11804,-20964,0,0,-938,-224,767,-271,-237,-3990,9.302,9.432,912
7130069,11301,-21266,12787,-19981,0,0,-696,-265,623,-209,-223,-4099,9.71,9.691,912
7140069,12259,-20284,13770,-18998,0,0,205,-629,-167,-417,-83,-4412,9.188,9.41,912
7150069,13260,-19301,14753,-18015,0,0,217,-850,-504,-1322,721,-5316,9.596,9.427,912
7160069,14217,-18370,15736,-17032,0,0,286,-1047,-166,-463,1050,-4941,9.174,8.922,912
7170070,15217,-17396,16719,-16049,0,0,143,-1307,238,-128,74,-3942,9.589,9.344,912
7180070,16222,-16396,17702,-15066,0,0,-932,131,303,163,-469,-3527,9.631,9.588,912
7190070,17217,-15547,18685,-14083,0,0,54,546,709,-783,-409,-4103,9.542,8.137,912
7200070,18184,-14602,19668,-13100,0,0,-244,516,513,-1934,-581,-4647,9.266,9.056,912
7210071,19148,-13697,20651,-12117,0,0,-284,82,-167,-1054,-49,-4200,9.247,8.68,912
7220071,20113,-12767,21634,-11134,0,0,-248,-18,21,-434,191,-4361,9.247,8.913,912
7230071,21071,-11832,22617,-10151,0,0,-289,186,261,-178,541,-4429,9.192,8.969,912
7240071,22036,-10831,23600,-9168,0,0,-202,69,-239,42,923,-4410,9.245,9.596,912
7250072,23015,-9864,24583,-8185,0,0,-315,120,-372,481,772,-4110,9.391,9.27,912
7260072,24021,-8878,25567,-7201,0,0,-203,184,-209,1114,221,-3969,9.644,9.452,912
7270072,24983,-7879,26550,-6218,0,0,-75,151,-111,1355,-26,-4321,9.224,9.581,912
7280072,26025,-6839,27533,-5235,0,0,20,198,-104,966,144,-4090,9.985,9.972,912
7290072,26995,-5848,28516,-4252,0,0,47,130,-138,629,293,-4214,9.302,9.503,912
7300073,27960,-4854,29499,-3269,0,0,67,174,-186,471,298,-4039,9.255,9.531,912
7310073,28903,-3865,30482,-2286,0,0,84,174,-185,171,334,-3803,9.043,9.481,912
7320073,29890,-2851,31465,-1303,0,0,219,187,-202,18,270,-3866,9.463,9.721,912
7330073,30888,-1882,32448,-320,0,0,51,79,-300,-34,308,-4134,9.566,9.287,912
7340074,31858,-881,-32105,663,0,0,487,272,-554,-193,446,-3905,9.304,9.599,912
7350074,-32670,60,-31122,1646,0,0,517,244,-560,-195,697,-3917,9.657,9.021,912
7360074,-31696,1062,-30139,2629,0,0,572,253,-489,39,574,-3972,9.343,9.608,912
7370074,-30684,2046,-29156,3612,0,0,757,171,-549,256,254,-3848,9.696,9.432,912
7380075,-29718,3021,-28173,4595,0,0,589,259,-390,255,106,-3630,9.267,9.352,912
7390075,-28730,3981,-27190,5578,0,0,682,101,-400,422,-141,-3710,9.471,9.198,912
7400075,-27740,4963,-26207,6561,0,0,685,85,-500,133,77,-3674,9.492,9.419,912
7410075,-26758,5983,-25223,7544,0,0,972,-38,-512,-12,238,-3775,9.411,9.781,912
7420075,-25761,6937,-24240,8528,0,0,1057,-10,-473,-87,154,-4075,9.56,9.143,912
7430076,-24784,7915,-23257,9511,0,0,1084,-105,-419,-175,27,-4014,9.364,9.376,912
7440076,-23770,8851,-22274,10494,0,0,1058,-39,-401,-350,-101,-3950,9.721,8.978,912
7450076,-22804,9865,-21291,11477,0,0,1008,-145,-371,-305,-261,-3999,9.269,9.716,912
7460076,-21821,10896,-20308,12460,0,0,109,-124,-87,-467,-439,-4012,9.422,9.886,912
7470077,-20861,11844,-19325,13443,0,0,49,-171,471,-790,-690,-4306,9.2,9.091,912
7480077,-19863,12797,-18342,14426,0,0,61,86,679,-1313,-1263,-5106,9.569,9.132,912
7490077,-18879,13784,-17359,15409,0,0,184,237,680,-976,-1321,-4838,9.439,9.467,912
7500077,-17912,14694,-16376,16392,0,0,-101,71,882,-624,-541,-3825,9.269,8.723,912
7510077,-16944,15759,-15393,17375,0,0,-741,-704,1499,-210,443,-3242,9.276,10.21,912
7520078,-15964,16739,-14410,18358,0,0,-617,-1403,1857,-165,961,-3778,9.398,9.393,912
7530078,-14982,17813,-13427,19341,0,0,440,-1330,1395,-80,371,-4818,9.416,10.301,912
7540078,-13971,18882,-12444,20324,0,0,91,266,130,-496,-525,-5271,9.69,10.244,912
7550078,-12974,19882,-11461,21307,0,0,-309,767,-632,-896,-277,-4889,9.564,9.592,912
7560079,-12004,20841,-10478,22290,0,0,702,170,-739,-160,346,-3215,9.292,9.197,912
7570079,-11017,21851,-9495,23273,0,0,36,41,-435,207,351,-3588,9.467,9.678,912
7580079,-10020,22817,-8511,24257,0,0,-53,165,242,582,-727,-5311,9.556,9.268,912
7590079,-9047,23852,-7528,25240,0,0,221,-10,971,1035,-1859,-4858,9.326,9.921,912
7600080,-8059,24831,-6545,26223,0,0,234,141,958,1176,-897,-3449,9.478,9.388,912
7610080,-7080,25808,-5562,27206,0,0,-77,73,523,661,343,-4148,9.381,9.359,912
7620080,-6099,26793,-4579,28189,0,0,148,206,188,443,558,-4541,9.411,9.444,912
7630080,-5126,27774,-3596,29172,0,0,145,157,76,154,-187,-3364,9.323,9.409,912
7640080,-4129,28764,-2613,30155,0,0,-132,150,169,68,-422,-3805,9.559,9.494,912
7650081,-3130,29742,-1630,31138,0,0,-133,228,351,189,-503,-4403,9.583,9.373,912
7660081,-2168,30713,-647,32121,0,0,-87,197,400,-109,-491,-3639,9.223,9.311,912
7670081,-1168,31704,336,-32432,0,0,-277,252,296,-273,-374,-3781,9.585,9.504,912
7680081,-167,32695,1319,-31449,0,0,-485,242,362,-64,-51,-4138,9.596,9.498,912
7690082,792,-31858,2302,-30466,0,0,-409,261,640,-34,-191,-3859,9.196,9.428,912
7700082,1771,-30873,3285,-29483,0,0,-469,252,614,-17,-502,-3819,9.385,9.443,912
7710082,2759,-29894,4268,-28500,0,0,-624,216,433,68,-492,-3863,9.472,9.388,912
7720082,3758,-28915,5251,-27517,0,0,-484,158,585,153,40,-3888,9.574,9.384,912
7730083,4724,-27925,6235,-26533,0,0,-650,238,388,93,-324,-3738,9.268,9.489,912
7740083,5705,-26917,7218,-25550,0,0,-502,88,236,201,145,-3823,9.402,9.667,912
7750083,6687,-25933,8201,-24567,0,0,-518,167,350,-25,88,-3835,9.413,9.431,912
7760083,7679,-24936,9184,-23584,0,0,-664,91,288,-117,-149,-3614,9.517,9.561,912
7770083,8666,-23949,10167,-22601,0,0,-663,-88,416,6,7,-4057,9.455,9.46,912
7780084,9694,-22946,11150,-21618,0,0,-925,-149,719,-351,-83,-4008,9.857,9.616,912
7790084,10664,-21927,12133,-20635,0,0,-1011,-155,695,-266,-24,-3920,9.301,9.764,912
7800084,11641,-20925,13116,-19652,0,0,-195,-310,198,-261,0,-4260,9.368,9.615,912
7810084,12622,-19957,14099,-18669,0,0,258,-633,-366,-826,89,-4774,9.401,9.279,912
7820085,13617,-19037,15082,-17686,0,0,72,-821,-296,-984,846,-5085,9.54,8.821,912
7830085,14579,-18047,16065,-16703,0,0,240,-1105,54,-204,655,-4442,9.229,9.489,912
7840085,15539,-17084,17048,-15720,0,0,-76,-1116,207,-35,-274,-3859,9.204,9.233,912
7850085,16508,-16123,18031,-14737,0,0,-714,384,482,9,-354,-3906,9.29,9.211,912
7860086,17475,-15203,19014,-13754,0,0,-49,397,778,-1282,-358,-4482,9.273,8.821,912
7870086,18457,-14266,19997,-12771,0,0,-165,448,416,-1700,-601,-4423,9.407,8.985,912
7880086,19443,-13347,20980,-11788,0,0,-283,-30,-164,-800,96,-4121,9.457,8.813,912
7890086,20429,-12439,21963,-10805,0,0,-412,82,153,-285,305,-4396,9.457,8.706,912
7900086,21392,-11502,22947,-9821,0,0,-161,77,36,-50,767,-4368,9.231,8.986,912
7910087,22402,-10508,23930,-8838,0,0,-206,106,-273,148,1019,-4396,9.682,9.525,912
7920087,23381,-9540,24913,-7855,0,0,-316,173,-249,605,576,-3995,9.381,9.285,912
7930087,24343,-8578,25896,-6872,0,0,-127,202,-171,1113,-4,-4032,9.224,9.216,912
7940087,25347,-7537,26879,-5889,0,0,-105,98,-110,1126,12,-4298,9.63,9.985,912
7950088,26307,-6523,27862,-4906,0,0,33,186,-143,880,236,-4123,9.203,9.719,912
7960088,27295,-5514,28845,-3923,0,0,95,178,-132,518,380,-4096,9.474,9.674,912
7970088,28281,-4525,29828,-2940,0,0,97,141,-145,387,359,-4076,9.456,9.485,912
7980088,29302,-3510,30811,-1957,0,0,88,211,-195,236,112,-3863,9.785,9.732,912
7990088,30241,-2542,31794,-974,0,0,-5,114,-277,174,161,-3880,9.004,9.275,912
8000088,31259,-1583,-32759,9,0,0,396,139,-431,-16,481,-3952,9.756,9.196,912
8010088,32220,-591,-31776,992,0,0,363,265,-489,-156,601,-4037,9.219,9.513,912
8020089,-32338,405,-30793,1975,0,0,625,208,-537,-111,694,-3711,9.369,9.551,912
8030089,-31378,1354,-29810,2958,0,0,616,313,-333,8,422,-4023,9.203,9.094,912
8040089,-30403,2361,-28827,3941,0,0,630,158,-320,303,46,-3967,9.348,9.659,912
8050089,-29377,3374,-27844,4924,0,0,599,220,-481,156,27,-3594,9.836,9.705,912
8060090,-28390,4330,-26861,5908,0,0,761,120,-559,161,80,-3626,9.462,9.169,912
8070090,-27405,5309,-25877,6891,0,0,836,85,-534,92,281,-3810,9.45,9.387,912
8080090,-26428,6288,-24894,7874,0,0,1006,-64,-515,95,227,-3899,9.369,9.38,912
8090090,-25439,7254,-23911,8857,0,0,1068,-34,-497,-127,116,-3957,9.479,9.264,912
8100091,-24443,8251,-22928,9840,0,0,1058,-82,-462,-184,-126,-3929,9.55,9.561,912
8110091,-23465,9214,-21945,10823,0,0,1059,-108,-340,-282,-271,-3980,9.375,9.227,912
8120091,-22462,10188,-20962,11806,0,0,778,-97,-258,-366,-375,-3995,9.619,9.343,912
8130091,-21500,11181,-19979,12789,0,0,-123,-204,267,-432,-486,-4052,9.222,9.517,912
8140091,-20523,12078,-18996,13772,0,0,41,-161,542,-1041,-787,-4666,9.363,8.601,912
8150092,-19572,13110,-18013,14755,0,0,178,124,584,-1385,-1395,-5182,9.122,9.892,912
8160092,-18598,14111,-17030,15738,0,0,158,257,630,-829,-968,-4534,9.329,9.598,912
8170092,-17591,15105,-16047,16721,0,0,-235,-163,958,-389,-78,-3571,9.661,9.536,912
8180092,-16603,16096,-15064,17704,0,0,-826,-1040,1625,-206,663,-3279,9.466,9.495,912
8190093,-15625,17089,-14081,18687,0,0,-569,-1693,1818,-199,822,-4106,9.377,9.521,912
8200093,-14596,18167,-13098,19670,0,0,1056,-529,967,-186,-109,-4939,9.865,10.341,912
8210093,-13643,19225,-12115,20653,0,0,-550,597,-206,-778,-682,-5613,9.141,10.137,912
8220093,-12644,20202,-11131,21637,0,0,310,549,-724,-746,197,-3846,9.574,9.367,912
8230094,-11643,21193,-10148,22620,0,0,254,-29,-631,-19,431,-3241,9.606,9.506,912
8240094,-10682,22231,-9165,23603,0,0,144,343,-262,396,135,-4224,9.211,9.952,912
8250094,-9693,23195,-8182,24586,0,0,40,103,585,714,-1422,-5476,9.484,9.238,912
8260094,-8689,24180,-7199,25569,0,0,300,-47,1241,1241,-1777,-4245,9.618,9.441,912
8270094,-7719,25167,-6216,26552,0,0,30,131,836,1194,-481,-3635,9.304,9.467,912
8280095,-6718,26148,-5233,27535,0,0,-83,83,241,530,533,-4338,9.596,9.408,912
8290095,-5722,27124,-4250,28518,0,0,224,174,46,210,549,-4214,9.546,9.354,912
8300095,-4756,28117,-3267,29501,0,0,-4,130,137,-17,-257,-3230,9.268,9.518,912
8310095,-3778,29099,-2284,30484,0,0,-188,160,254,115,-548,-4183,9.377,9.419,912
8320096,-2799,30074,-1301,31467,0,0,-161,263,420,72,-453,-4383,9.382,9.341,912
8330096,-1815,31056,-318,32450,0,0,-258,146,515,-482,-511,-3318,9.432,9.418,912
8340096,-782,32037,665,-32103,0,0,-366,254,354,-123,-124,-4203,9.911,9.402,912
8350096,170,-32524,1648,-31120,0,0,-260,292,399,37,-128,-4194,9.124,9.349,912
8360096,1182,-31538,2631,-30137,0,0,-507,256,487,-92,-707,-3536,9.7,9.454,912
8370097,2129,-30548,3614,-29154,0,0,-558,213,547,445,-186,-3941,9.083,9.494,912
8380097,3106,-29565,4597,-28171,0,0,-450,222,429,335,140,-3808,9.369,9.421,912
8390097,4055,-28581,5581,-27187,0,0,-406,200,207,106,-131,-3564,9.096,9.438,912
8400097,5071,-27587,6564,-26204,0,0,-412,129,209,72,-64,-3767,9.735,9.533,912
8410098,6084,-26591,7547,-25221,0,0,-508,153,392,35,-106,-3887,9.717,9.548,912
8420098,7088,-25589,8530,-24238,0,0,-842,29,398,-164,-175,-3783,9.623,9.6,912
8430098,8083,-24586,9513,-23255,0,0,-822,-53,654,-141,-16,-4087,9.545,9.615,912
8440098,9050,-23589,10496,-22272,0,0,-1001,-80,875,-278,-173,-4099,9.272,9.566,912
8450099,10008,-22629,11479,-21289,0,0,-1033,-71,724,-270,-167,-3934,9.178,9.202,912
8460099,10963,-21630,12462,-20306,0,0,-664,-154,439,-236,-105,-4091,9.16,9.579,912
8470099,11951,-20618,13445,-19323,0,0,143,-339,-143,-585,177,-4212,9.467,9.699,912
8480099,12929,-19629,14428,-18340,0,0,132,-472,-422,-1070,576,-4839,9.383,9.488,912
8490099,13899,-18667,15411,-17357,0,0,165,-807,-227,-338,854,-4778,9.296,9.221,912
8500100,14889,-17721,16394,-16374,0,0,497,-1299,-145,-216,-6,-4067,9.491,9.062,912
8510100,15907,-16767,17377,-15391,0,0,-501,-678,-30,-223,-520,-4054,9.758,9.15,912
8520100,16891,-15856,18360,-14408,0,0,-340,290,636,-132,265,-4297,9.44,8.73,912
8530100,17869,-14903,19343,-13425,0,0,-236,439,733,-1637,-297,-4669,9.374,9.142,912
8540101,18821,-14024,20327,-12441,0,0,23,440,179,-1312,-614,-4211,9.123,8.426,912
8550101,19786,-13089,21310,-11458,0,0,-584,-137,-217,-529,-171,-3906,9.26,8.964,912
8560101,20744,-12082,22293,-10475,0,0,-261,104,285,-307,603,-4314,9.183,9.659,912
8570101,21731,-11111,23276,-9492,0,0,-1,41,10,-27,932,-4770,9.459,9.302,912
8580102,22723,-10162,24259,-8509,0,0,-422,206,-229,267,920,-4283,9.514,9.106,912
8590102,23668,-9188,25242,-7526,0,0,-124,119,-128,721,334,-3607,9.059,9.337,912
8600102,24662,-8202,26225,-6543,0,0,-200,161,-148,1114,-182,-4478,9.529,9.452,912
8610102,25668,-7181,27208,-5560,0,0,-17,63,-165,1208,16,-4291,9.644,9.792,912
8620102,26655,-6162,28191,-4577,0,0,-27,267,-86,619,453,-3747,9.464,9.765,912
8630103,27618,-5167,29174,-3594,0,0,177,165,-164,556,484,-4314,9.231,9.54,912
8640103,28593,-4183,30157,-2611,0,0,132,135,-222,358,427,-4072,9.348,9.43,912
8650103,29586,-3204,31140,-1628,0,0,-40,181,-263,241,195,-3707,9.521,9.395,912
8660103,30600,-2199,32123,-645,0,0,216,150,-332,161,139,-3892,9.724,9.628,912
8670104,31578,-1211,-32430,338,0,0,340,305,-353,-86,444,-3945,9.378,9.474,912
8680104,32537,-208,-31447,1321,0,0,545,186,-326,43,430,-4130,9.192,9.617,912
8690104,-32030,773,-30464,2304,0,0,478,238,-398,50,398,-3856,9.285,9.407,912
8700104,-31037,1743,-29481,3287,0,0,504,142,-376,72,346,-3656,9.521,9.3,912
8710104,-30058,2683,-28497,4271,0,0,690,192,-442,202,276,-3878,9.391,9.011,912
8720105,-29031,3686,-27514,5254,0,0,715,201,-524,75,231,-3858,9.841,9.612,912
8730105,-28069,4670,-26531,6237,0,0,806,142,-614,45,323,-3678,9.227,9.441,912
8740105,-27073,5672,-25548,7220,0,0,1056,52,-561,-13,301,-3740,9.552,9.599,912
8750105,-26092,6627,-24565,8203,0,0,1080,-70,-475,90,75,-4087,9.406,9.161,912
8760106,-25119,7603,-23582,9186,0,0,1050,-43,-403,-81,-130,-3926,9.329,9.352,912
8770106,-24156,8558,-22599,10169,0,0,1033,-62,-363,-169,-190,-3803,9.232,9.162,912
8780106,-23122,9540,-21616,11152,0,0,913,-144,-292,-289,-440,-3898,9.908,9.417,912
8790106,-22164,10491,-20633,12135,0,0,319,-143,-104,-353,-450,-4011,9.19,9.113,912
8800107,-21197,11484,-19650,13118,0,0,-143,-257,399,-587,-475,-4188,9.27,9.523,912
8810107,-20213,12495,-18667,14101,0,0,81,-63,556,-1391,-997,-4899,9.43,9.695,912
8820107,-19222,13487,-17684,15084,0,0,172,158,592,-1183,-1345,-5174,9.502,9.505,912
8830107,-18254,14471,-16701,16067,0,0,144,244,619,-699,-599,-4222,9.279,9.435,912
8840107,-17221,15418,-15718,17050,0,0,-408,-351,1034,-209,230,-3367,9.906,9.076,912
8850108,-16237,16407,-14735,18033,0,0,-727,-1247,1669,-222,786,-3467,9.431,9.485,912
8860108,-15255,17424,-13751,19017,0,0,-313,-1752,1706,-252,566,-4427,9.422,9.749,912
8870108,-14252,18476,-12768,20000,0,0,780,-140,667,-228,-420,-5129,9.612,10.088,912
8880108,-13292,19514,-11785,20983,0,0,-331,787,-393,-886,-588,-5441,9.203,9.95,912
8890109,-12323,20537,-10802,21966,0,0,495,420,-724,-529,418,-3353,9.296,9.809,912
8900109,-11356,21516,-9819,22949,0,0,123,37,-547,61,434,-3202,9.263,9.382,912
8910109,-10362,22522,-8836,23932,0,0,16,282,-22,482,-286,-4930,9.531,9.647,912
8920109,-9378,23550,-7853,24915,0,0,72,-107,889,839,-1722,-5265,9.44,9.858,912
8930110,-8353,24531,-6870,25898,0,0,299,248,1124,1288,-1365,-3776,9.824,9.409,912
8940110,-7394,25481,-5887,26881,0,0,-56,33,576,893,-96,-3784,9.191,9.106,912
8950110,-6397,26469,-4904,27864,0,0,-12,146,35,430,679,-4807,9.562,9.474,912
8960110,-5411,27451,-3921,28847,0,0,241,154,39,266,146,-3469,9.449,9.41,912
8970110,-4424,28441,-2938,29830,0,0,-113,83,110,137,-351,-3403,9.469,9.491,912
8980111,-3416,29427,-1955,30813,0,0,-223,195,299,215,-429,-4614,9.667,9.459,912
8990111,-2431,30398,-972,31796,0,0,-138,221,513,-73,-576,-3915,9.435,9.307,912
9000111,-1448,31382,11,-32757,0,0,-226,163,476,-328,-387,-3451,9.43,9.43,912
9010111,-481,32366,994,-31774,0,0,-398,359,421,-257,-163,-4258,9.267,9.434,912
9020112,486,-32177,1977,-30791,0,0,-418,195,512,-67,-249,-4013,9.277,9.523,912
9030112,1458,-31214,2961,-29807,0,0,-304,224,573,37,-297,-3784,9.314,9.232,912
9040112,2445,-30227,3944,-28824,0,0,-525,269,260,108,-445,-3760,9.468,9.459,912
9050112,3447,-29228,4927,-27841,0,0,-470,238,171,386,82,-3936,9.601,9.58,912
9060112,4408,-28226,5910,-26858,0,0,-413,154,468,203,33,-3559,9.213,9.606,912
9070113,5379,-27248,6893,-25875,0,0,-676,119,370,190,-365,-3656,9.312,9.376,912
9080113,6372,-26241,7876,-24892,0,0,-653,46,480,183,-1,-3967,9.523,9.653,912
9090113,7338,-25250,8859,-23909,0,0,-902,-18,651,-358,-76,-3877,9.257,9.503,912
9100113,8350,-24249,9842,-22926,0,0,-774,-24,654,-264,-84,-3899,9.704,9.602,912
9110114,9300,-23249,10825,-21943,0,0,-831,-100,598,-268,-91,-4190,9.107,9.586,912
9120114,10294,-22265,11808,-20960,0,0,-824,-86,501,-369,4,-4068,9.533,9.434,912
9130114,11310,-21246,12791,-19977,0,0,-487,-104,283,-322,-4,-4014,9.74,9.772,912
9140114,12268,-20287,13774,-18994,0,0,155,-367,-308,-499,98,-4252,9.181,9.192,912
9150115,13244,-19289,14757,-18011,0,0,218,-613,-440,-976,609,-4962,9.356,9.563,912
9160115,14221,-18350,15740,-17028,0,0,265,-1025,-236,-355,577,-4655,9.367,9.001,912
9170115,15199,-17393,16723,-16045,0,0,349,-1434,-290,-302,-61,-4048,9.381,9.184,912
9180115,16200,-16383,17706,-15061,0,0,-1041,-80,171,-186,-267,-4201,9.601,9.68,912
9190115,17181,-15501,18690,-14078,0,0,118,354,839,-739,21,-4450,9.399,8.457,912
9200116,18175,-14604,19673,-13095,0,0,-326,405,595,-1733,-682,-4717,9.529,8.602,912
9210116,19131,-13587,20656,-12112,0,0,-152,367,-133,-795,-233,-3740,9.17,9.742,912
9220116,20130,-12719,21639,-11129,0,0,-385,-106,-143,-272,115,-3767,9.576,8.331,912
9230116,21099,-11781,22622,-10146,0,0,-314,229,180,-249,710,-4720,9.294,8.985,912
9240117,22096,-10817,23605,-9163,0,0,85,-33,-149,200,1257,-4813,9.555,9.244,912
9250117,23067,-9859,24588,-8180,0,0,-574,285,-232,282,655,-4058,9.313,9.189,912
9260117,24061,-8860,25571,-7197,0,0,-29,107,-175,819,73,-3626,9.529,9.574,912
9270117,25032,-7874,26554,-6214,0,0,-178,156,-110,859,-188,-4504,9.304,9.454,912
9280118,26008,-6841,27537,-5231,0,0,-21,157,-137,1018,170,-4257,9.363,9.899,912
9290118,26937,-5847,28520,-4248,0,0,110,140,-81,608,361,-3894,8.902,9.531,912
9300118,27940,-4867,29503,-3265,0,0,29,243,-121,591,320,-4123,9.619,9.4,912
9310118,28920,-3866,30486,-2282,0,0,151,60,-231,525,374,-3938,9.396,9.597,912
9320118,29924,-2899,31469,-1299,0,0,79,230,-229,254,270,-3749,9.62,9.273,912
9330119,30902,-1896,32452,-316,0,0,244,239,-324,222,257,-4021,9.384,9.615,912
9340119,31868,-922,-32100,667,0,0,357,153,-291,-36,459,-3897,9.254,9.335,912
9350119,-32670,88,-31117,1651,0,0,434,248,-347,25,469,-3918,9.567,9.684,912
9360119,-31685,1062,-30134,2634,0,0,585,212,-367,-6,414,-3931,9.446,9.342,912
9370120,-30729,2051,-29151,3617,0,0,614,232,-378,68,312,-3911,9.163,9.482,912
9380120,-29711,3046,-28168,4600,0,0,598,91,-467,97,169,-3754,9.769,9.538,912
9390120,-28737,4012,-27185,5583,0,0,834,241,-648,-20,277,-3761,9.329,9.26,912
9400120,-27741,4993,-26202,6566,0,0,911,58,-572,39,417,-3775,9.552,9.405,912
9410121,-26749,5955,-25219,7549,0,0,1054,70,-551,16,236,-3879,9.514,9.217,912
9420121,-25766,6964,-24236,8532,0,0,992,-44,-432,40,-80,-3941,9.426,9.678,912
9430121,-24779,7913,-23253,9515,0,0,1072,-48,-389,-118,-181,-3830,9.462,9.098,912
9440121,-23765,8925,-22270,10498,0,0,947,-93,-319,-167,-340,-3928,9.722,9.7,912
9450121,-22801,9921,-21287,11481,0,0,917,-132,-261,-227,-411,-3924,9.243,9.553,912
9460122,-21803,10904,-20304,12464,0,0,-11,-240,65,-409,-351,-3994,9.561,9.42,912
9470122,-20862,11832,-19321,13447,0,0,-22,-302,470,-785,-564,-4421,9.029,8.9,912
9480122,-19875,12798,-18338,14430,0,0,75,-21,508,-1357,-1227,-5191,9.462,9.259,912
9490122,-18898,13792,-17355,15413,0,0,104,56,594,-1010,-1117,-4846,9.36,9.534,912
9500123,-17906,14740,-16372,16397,0,0,4,56,637,-579,-233,-3811,9.516,9.089,912
9510123,-16930,15714,-15388,17380,0,0,-580,-761,1204,-157,353,-3414,9.359,9.34,912
9520123,-15933,16746,-14405,18363,0,0,-695,-1584,1711,-317,824,-3724,9.558,9.889,912
9530123,-14966,17734,-13422,19346,0,0,815,-868,1224,-213,270,-4729,9.265,9.471,912
9540123,-13944,18844,-12439,20329,0,0,-307,370,133,-532,-680,-5575,9.799,10.648,912
9550124,-12960,19866,-11456,21312,0,0,8,658,-385,-916,73,-4229,9.435,9.792,912
9560124,-11925,20851,-10473,22295,0,0,571,89,-458,-260,301,-2984,9.92,9.451,912
9570124,-10961,21879,-9490,23278,0,0,-142,276,-302,88,-77,-4289,9.245,9.851,912
9580124,-10003,22867,-8507,24261,0,0,95,43,346,368,-904,-5468,9.188,9.475,912
9590125,-9045,23838,-7524,25244,0,0,379,160,912,1023,-1571,-4264,9.184,9.31,912
9600125,-8063,24826,-6541,26227,0,0,-21,95,826,1051,-548,-3584,9.413,9.474,912
9610125,-7053,25807,-5558,27210,0,0,-18,132,456,822,501,-4641,9.681,9.402,912
9620125,-6102,26788,-4575,28193,0,0,212,147,201,589,201,-3987,9.115,9.405,912
9630126,-5126,27760,-3592,29176,0,0,-53,129,49,220,-239,-3387,9.365,9.322,912
9640126,-4145,28759,-2609,30159,0,0,-198,166,100,285,-402,-4305,9.4,9.57,912
9650126,-3161,29745,-1626,31142,0,0,16,165,277,125,-520,-3994,9.44,9.456,912
9660126,-2157,30740,-642,32126,0,0,-169,171,361,-321,-374,-3534,9.623,9.538,912
9670126,-1171,31711,341,-32427,0,0,-364,249,389,-117,13,-4122,9.452,9.31,912
9680127,-164,32701,1324,-31444,0,0,-348,186,510,-102,-443,-3984,9.655,9.494,912
9690127,788,-31847,2307,-30461,0,0,-617,231,501,-134,-727,-3910,9.126,9.472,912
9700127,1792,-30866,3290,-29478,0,0,-510,205,496,101,-9,-3929,9.628,9.407,912
9710127,2793,-29874,4273,-28495,0,0,-440,148,664,28,-54,-3666,9.595,9.508,912
9720128,3804,-28876,5256,-27512,0,0,-780,144,480,134,-367,-3789,9.694,9.57,912
9730128,4749,-27892,6239,-26529,0,0,-591,174,380,382,107,-4080,9.057,9.432,912
9740128,5737,-26893,7222,-25546,0,0,-508,162,354,-19,-7,-3510,9.475,9.578,912
9750128,6707,-25898,8205,-24563,0,0,-416,151,317,39,56,-3734,9.296,9.544,912
9760129,7653,-24923,9188,-23580,0,0,-502,102,331,-169,117,-3793,9.071,9.348,912
9770129,8666,-23923,10171,-22597,0,0,-547,-4,345,-257,-5,-3897,9.717,9.585,912
9780129,9669,-22948,11154,-21614,0,0,-692,-88,445,-261,-187,-4232,9.614,9.341,912
9790129,10634,-21959,12137,-20631,0,0,-876,-135,515,-273,-219,-4236,9.249,9.485,912
9800129,11628,-20948,13120,-19648,0,0,-310,-279,267,-292,-139,-4071,9.536,9.694,912
9810130,12581,-19990,14103,-18665,0,0,152,-596,-215,-763,91,-4539,9.133,9.186,912
9820130,13597,-19029,15086,-17682,0,0,130,-854,-250,-898,626,-5061,9.745,9.211,912
9830130,14569,-18066,16070,-16698,0,0,233,-1282,-188,-316,494,-4640,9.312,9.236,912
9840130,15539,-17062,17053,-15715,0,0,-405,-953,-86,-266,-159,-4165,9.301,9.627,912
9850131,16521,-16052,18036,-14732,0,0,-552,351,656,-252,-226,-3954,9.417,9.684,912
9860131,17518,-15160,19019,-13749,0,0,-235,376,719,-1388,-387,-4342,9.56,8.548,912
9870131,18510,-14267,20002,-12766,0,0,69,530,110,-1384,-401,-4155,9.51,8.56,912
9880131,19495,-13378,20985,-11783,0,0,-479,155,-351,-613,73,-4015,9.443,8.526,912
9890131,20465,-12436,21968,-10800,0,0,-291,51,42,-373,422,-4106,9.298,9.034,912
9900132,21455,-11466,22951,-9817,0,0,-117,111,143,-171,615,-4847,9.492,9.293,912
9910132,22422,-10516,23934,-8834,0,0,-328,110,-175,271,1011,-4409,9.268,9.112,912
9920132,23389,-9504,24917,-7851,0,0,-124,123,-129,620,643,-3831,9.271,9.699,912
9930132,24351,-8535,25900,-6868,0,0,-221,255,-70,1024,-84,-4286,9.23,9.29,912
9940133,25327,-7529,26883,-5885,0,0,27,-8,-99,1037,13,-4194,9.35,9.648,912
9950133,26288,-6523,27866,-4902,0,0,-39,249,-14,702,259,-4170,9.216,9.64,912
9960133,27294,-5542,28849,-3919,0,0,72,132,-144,604,324,-4073,9.648,9.404,912
9970133,28281,-4547,29832,-2936,0,0,-22,126,-178,575,357,-4049,9.459,9.543,912
9980134,29260,-3565,30816,-1952,0,0,129,232,-277,402,267,-3779,9.393,9.419,912
9990134,30247,-2535,31799,-969,0,0,256,174,-186,239,261,-3959,9.46,9.868,912
31235,-1559,-32754,14,0,0,223,228,-240,149,243,-3894,9.47,9.357,912,
32241,-577,-31771,997,0,0,326,257,-309,40,431,-3787,9.649,9.418,912,
-32358,388,-30788,1980,0,0,558,188,-361,106,391,-3999,8.975,9.253,912,
-31380,1376,-29805,2963,0,0,614,228,-372,66,441,-3866,9.376,9.469,912,
-30389,2392,-28822,3946,0,0,594,199,-357,74,314,-3832,9.505,9.742,912,
-29399,3339,-27839,4929,0,0,694,24,-410,61,235,-3818,9.489,9.083,912,
-28366,4329,-26856,5912,0,0,831,182,-563,-7,205,-3984,9.911,9.488,912,
-27424,5301,-25873,6895,0,0,889,90,-566,-21,337,-3699,9.03,9.32,912,
-26461,6297,-24890,7878,0,0,1006,-4,-527,-53,234,-3729,9.225,9.545,912,
-25466,7277,-23907,8861,0,0,1063,-45,-437,-96,-24,-3888,9.547,9.397,912,
-24423,8253,-22924,9844,0,0,1022,-42,-344,-136,-225,-3972,9.998,9.359,912,
-23467,9213,-21941,10827,0,0,958,-64,-296,-198,-297,-3942,9.162,9.201,912,
-22496,10251,-20958,11810,0,0,851,-100,-231,-304,-385,-4004,9.31,9.956,912,
-21527,11166,-19975,12793,0,0,-299,-287,255,-462,-516,-4044,9.29,8.771,912,
-20547,12166,-18992,13776,0,0,126,-112,516,-1108,-690,-4563,9.393,9.585,912,
-19565,13152,-18008,14760,0,0,47,20,517,-1123,-1254,-5275,9.42,9.453,912,
-18560,14103,-17025,15743,0,0,100,134,522,-982,-770,-4394,9.635,9.122,912,
-17562,15084,-16042,16726,0,0,-75,-213,732,-365,40,-3705,9.565,9.402,912,
-16558,16098,-15059,17709,0,0,-674,-923,1312,-288,478,-3467,9.627,9.72,912,
-15603,17091,-14076,18692,0,0,-521,-1658,1763,-171,543,-4196,9.155,9.525,912,
-14595,18120,-13093,19675,0,0,940,-656,1135,-227,-84,-4812,9.665,9.864,912,
-13627,19169,-12110,20658,0,0,-458,684,-35,-779,-575,-5395,9.286,10.057,912,
-12630,20211,-11127,21641,0,0,298,655,-557,-859,253,-3969,9.559,9.994,912,
-11684,21153,-10144,22624,0,0,334,-75,-445,-186,349,-2790,9.068,9.029,912,
-10699,22187,-9161,23607,0,0,13,329,-119,302,39,-4634,9.441,9.914,912,
-9712,23193,-8178,24590,0,0,194,127,683,707,-1383,-5672,9.467,9.637,912,
-8688,24181,-7195,25573,0,0,190,-33,1151,1257,-1797,-3917,9.813,9.476,912,
-7717,25173,-6212,26556,0,0,-55,169,689,1088,-287,-3597,9.309,9.508,912,
-6744,26156,-5229,27539,0,0,-56,91,246,553,734,-4569,9.326,9.432,912,
-5712,27126,-4246,28522,0,0,227,138,29,506,184,-4015,9.9,9.299,912,
-4753,28126,-3262,29506,0,0,-72,143,-19,49,-322,-3287,9.196,9.582,912,
-3772,29104,-2279,30489,0,0,-252,167,105,154,-353,-4316,9.403,9.38,912,
-2815,30079,-1296,31472,0,0,-11,161,291,124,-587,-4145,9.177,9.349,912,
-1818,31056,-313,32455,0,0,-305,175,331,-454,-503,-3481,9.554,9.364,912,
-828,32043,670,-32098,0,0,-368,253,372,-78,70,-4210,9.489,9.467,912,
133,-32507,1653,-31115,0,0,-227,218,528,-45,-328,-3809,9.218,9.446,912,
1126,-31531,2636,-30132,0,0,-495,314,288,-86,-621,-3903,9.519,9.361,912,
2092,-30552,3619,-29149,0,0,-414,261,235,311,-58,-4123,9.264,9.382,912,
3074,-29562,4602,-28166,0,0,-359,177,511,88,-234,-3428,9.408,9.495,912,
4086,-28579,5585,-27183,0,0,-550,178,323,276,-287,-3756,9.705,9.423,912,
5096,-27586,6568,-26200,0,0,-491,159,238,410,167,-3933,9.683,9.524,912,
6102,-26584,7551,-25217,0,0,-496,148,288,9,-149,-3651,9.647,9.603,912,
7083,-25590,8534,-24234,0,0,-568,72,326,-105,-169,-3734,9.41,9.529,912,
8056,-24598,9517,-23251,0,0,-821,-112,441,-189,35,-3993,9.325,9.517,912,
9030,-23599,10500,-22268,0,0,-803,-148,673,-362,-23,-4051,9.334,9.577,912,
10032,-22588,11483,-21285,0,0,-987,-194,803,-260,-185,-4120,9.614,9.693,912,
11010,-21557,12466,-20302,0,0,-797,-238,696,-257,-157,-4116,9.372,9.877,912,
11978,-20614,13450,-19318,0,0,8,-412,-45,-548,-7,-4207,9.282,9.039,912,
12959,-19660,14433,-18335,0,0,228,-642,-451,-1025,517,-5078,9.408,9.148,912,
13930,-18672,15416,-17352,0,0,251,-945,-314,-622,682,-4778,9.306,9.479,912,
14873,-17704,16399,-16369,0,0,310,-1316,-195,-341,313,-4158,9.04,9.28,912,
15840,-16761,17382,-15386,0,0,-1020,-54,201,-186,-271,-3878,9.273,9.041,912,
16842,-15862,18365,-14403,0,0,-74,294,871,-496,-261,-4112,9.603,8.614,912,
17787,-14901,19348,-13420,0,0,-345,356,548,-1753,-585,-4753,9.059,9.216,912,
18789,-13990,20331,-12437,0,0,67,461,-154,-1032,-123,-4181,9.612,8.737,912,
19761,-13048,21314,-11454,0,0,-592,6,-339,-468,18,-3836,9.322,9.03,912,
20746,-12121,22297,-10471,0,0,-301,185,156,-361,416,-4073,9.438,8.891,912,
21739,-11188,23280,-9488,0,0,-3,30,137,-92,904,-4905,9.522,8.938,912,
22738,-10235,24263,-8505,0,0,-434,113,-39,394,932,-4523,9.577,9.138,912,
23736,-9193,25246,-7522,0,0,-233,118,-28,650,339,-3483,9.564,9.994,912,
24694,-8186,26229,-6539,0,0,3,180,-50,1065,-209,-4428,9.191,9.649,912,
25678,-7212,27212,-5556,0,0,21,94,-94,1213,132,-4538,9.431,9.342,912,
26638,-6183,28195,-4572,0,0,-68,157,-172,690,472,-3674,9.21,9.868,912,
27629,-5183,29179,-3589,0,0,107,216,-111,620,420,-4049,9.5,9.582,912,
28647,-4232,30162,-2606,0,0,156,147,-146,425,286,-4207,9.755,9.12,912,
29609,-3184,31145,-1623,0,0,41,232,-251,315,193,-3781,9.225,10.052,912,
30537,-2205,32128,-640,0,0,235,184,-267,274,201,-3756,8.897,9.384,912,
31585,-1233,-32425,343,0,0,385,204,-209,161,355,-3931,10.048,9.316,912,
32552,-237,-31442,1326,0,0,342,252,-305,147,420,-4058,9.271,9.548,912,
-32025,742,-30459,2309,0,0,537,208,-365,-18,440,-3769,9.191,9.388,912,
-31030,1726,-29476,3292,0,0,589,195,-273,84,288,-3836,9.544,9.434,912,
-30034,2730,-28493,4275,0,0,691,150,-335,132,270,-3933,9.55,9.625,912,
-29061,3693,-27510,5258,0,0,575,51,-449,2,186,-3760,9.325,9.232,912,
-28050,4677,-26527,6241,0,0,897,92,-534,-44,257,-3921,9.692,9.437,912,
-27082,5590,-25544,7224,0,0,892,120,-563,-127,349,-3835,9.284,8.749,912,
-26092,6617,-24561,8207,0,0,1111,10,-537,-180,321,-3631,9.486,9.846,912,
-25120,7596,-23578,9190,0,0,1084,-35,-495,-58,-45,-4090,9.327,9.389,912,
-24137,8584,-22595,10173,0,0,1066,-36,-350,-209,-217,-3965,9.419,9.475,912,
-23140,9569,-21611,11156,0,0,924,-81,-311,-233,-367,-3933,9.557,9.441,912,
-22177,10492,-20628,12140,0,0,421,-112,-160,-369,-517,-3955,9.24,8.853,912,
-21189,11464,-19645,13123,0,0,-172,-184,405,-539,-537,-4125,9.466,9.312,912,
-20204,12488,-18662,14106,0,0,4,-20,506,-1138,-921,-4855,9.45,9.822,912,
-19242,13416,-17679,15089,0,0,171,81,550,-1123,-1147,-5038,9.219,8.896,912,
-18286,14412,-16696,16072,0,0,87,70,577,-692,-435,-4279,9.167,9.553,912,
-17288,15381,-15713,17055,0,0,-402,-650,1002,-300,212,-3575,9.568,9.29,912,
-16260,16390,-14730,18038,0,0,-541,-1411,1687,-381,650,-3622,9.853,9.671,912,
-15263,17397,-13747,19021,0,0,-44,-1609,1700,-97,361,-4509,9.557,9.65,912,
-14290,18595,-12764,20004,0,0,384,235,612,-216,-566,-4954,9.334,11.486,912,
-13305,19613,-11781,20987,0,0,-228,1010,-272,-798,-246,-4936,9.441,9.759,912,
-12325,20612,-10798,21970,0,0,572,106,-528,-528,368,-3257,9.396,9.586,912,
-11293,21590,-9815,22953,0,0,111,151,-395,-130,263,-3939,9.893,9.37,912,
-10293,22557,-8832,23936,0,0,-32,87,137,353,-531,-4974,9.585,9.272,912,
-9346,23521,-7849,24919,0,0,137,115,836,760,-1739,-4682,9.082,9.248,912,
-8347,24522,-6866,25902,0,0,127,70,897,1181,-1076,-3919,9.583,9.594,912,
-7369,25500,-5883,26886,0,0,44,147,516,779,266,-4295,9.376,9.379,912,
-6412,26467,-4899,27869,0,0,110,122,178,454,455,-3913,9.175,9.269,912,
-5424,27443,-3916,28852,0,0,27,125,5,336,-2,-3879,9.473,9.354,912,
-4434,28433,-2933,29835,0,0,-58,137,61,258,-477,-3952,9.487,9.497,912,
-3479,29411,-1950,30818,0,0,-130,169,225,213,-592,-3971,9.153,9.373,912,
-2488,30396,-967,31801,0,0,-130,165,306,20,-357,-3813,9.5,9.442,912,
-1521,31384,16,-32752,0,0,-292,229,349,-154,-174,-3947,9.27,9.471,912,
-504,32375,999,-31769,0,0,-356,230,413,-179,-181,-3875,9.754,9.505,912,
494,-32174,1982,-30786,0,0,-370,146,582,-97,-392,-3902,9.569,9.46,912,
1471,-31195,2965,-29803,0,0,-648,219,484,-86,-558,-4011,9.37,9.384,912,
2463,-30202,3948,-28820,0,0,-597,251,489,228,-81,-3997,9.505,9.526,912,
3439,-29213,4931,-27837,0,0,-520,133,513,39,-155,-3473,9.358,9.481,912,
4374,-28232,5914,-26854,0,0,-624,163,336,179,-65,-3868,8.966,9.399,912,
5382,-27224,6897,-25871,0,0,-529,172,410,246,109,-3869,9.665,9.668,912,
6368,-26240,7880,-24888,0,0,-618,145,455,-68,-175,-3588,9.449,9.437,912,
7333,-25246,8863,-23905,0,0,-541,119,361,-64,-36,-3872,9.254,9.527,912,
8352,-24256,9847,-22921,0,0,-568,41,384,-251,82,-4044,9.776,9.491,912,
9303,-23254,10830,-21938,0,0,-696,13,379,-353,-46,-3941,9.112,9.604,912,
10319,-22262,11813,-20955,0,0,-749,-66,415,-196,-51,-4120,9.743,9.512,912,
11264,-21304,12796,-19972,0,0,-572,-219,356,-221,-121,-4120,9.061,9.187,912,
12280,-20281,13779,-18989,0,0,144,-526,-195,-519,-4,-4268,9.742,9.811,912,
13264,-19297,14762,-18006,0,0,278,-754,-420,-973,486,-5038,9.435,9.43,912,
14259,-18325,15745,-17023,0,0,290,-1167,-307,-433,688,-4874,9.534,9.323,912,
15227,-17486,16728,-16040,0,0,-48,-1364,-233,-285,-42,-4202,9.285,8.038,912,
16218,-16563,17711,-15057,0,0,-982,188,464,-188,-314,-3906,9.498,8.852,912,
17181,-15622,18694,-14074,0,0,-99,252,894,-1026,-303,-4417,9.232,9.022,912,
18159,-14650,19677,-13091,0,0,-254,359,425,-1732,-438,-4479,9.381,9.321,912,
19149,-13761,20660,-12108,0,0,86,616,-272,-830,29,-3842,9.493,8.525,912,
20130,-12853,21643,-11125,0,0,-755,-143,-305,-279,94,-3694,9.399,8.699,912,
21084,-11806,22626,-10142,0,0,-231,208,200,-374,451,-4506,9.147,10.035,912,
22073,-10795,23609,-9159,0,0,50,7,8,148,1039,-4944,9.488,9.702,912,
23049,-9845,24592,-8176,0,0,-364,163,-163,557,981,-4270,9.355,9.1,912,
24035,-8900,25575,-7193,0,0,-63,170,-158,888,306,-3636,9.447,9.059,912,
24996,-7885,26559,-6209,0,0,-208,132,-75,1101,-226,-4493,9.215,9.736,912,
25995,-6867,27542,-5226,0,0,46,185,-111,970,108,-3976,9.579,9.755,912,
27001,-5842,28525,-4243,0,0,59,179,-138,693,274,-4159,9.646,9.827,912,
27946,-4824,29508,-3260,0,0,16,110,-207,669,286,-4210,9.058,9.76,912,
28941,-3835,30491,-2277,0,0,155,200,-250,419,298,-3669,9.542,9.482,912,
29892,-2862,31474,-1294,0,0,192,229,-143,150,314,-3894,9.12,9.333,912,
30856,-1877,32457,-311,0,0,295,182,-240,156,308,-4084,9.244,9.448,912,
31867,-870,-32096,672,0,0,243,203,-309,-23,334,-3851,9.693,9.649,912,
-32653,85,-31113,1655,0,0,265,109,-392,-14,374,-3812,9.738,9.16,912,
-31685,1064,-30130,2638,0,0,737,285,-595,120,411,-4103,9.277,9.382,912,
-30683,2053,-29147,3621,0,0,692,206,-590,-26,591,-3781,9.605,9.481,912,
-29723,3032,-28164,4604,0,0,759,237,-607,3,542,-3584,9.202,9.384,912,
-28722,3988,-27181,5587,0,0,907,113,-602,124,252,-3880,9.603,9.169,912,
-27746,4978,-26198,6570,0,0,857,58,-502,53,-3,-3943,9.359,9.488,912,
-26754,5997,-25215,7553,0,0,887,35,-427,67,-82,-3751,9.509,9.776,912,
-25762,6969,-24231,8537,0,0,976,-28,-397,-14,-105,-3787,9.506,9.314,912,
-24740,7957,-23248,9520,0,0,932,-40,-307,-86,-238,-3923,9.803,9.479,912,
-23730,8911,-22265,10503,0,0,889,-103,-249,-154,-212,-3942,9.68,9.144,912,
-22775,9868,-21282,11486,0,0,932,-51,-328,-373,-279,-3886,9.155,9.174,912,
-21819,10816,-20299,12469,0,0,-10,-236,10,-377,-337,-4069,9.172,9.092,912,
-20873,11811,-19316,13452,0,0,-85,-275,375,-861,-428,-4400,9.061,9.538,912,
-19896,12828,-18333,14435,0,0,107,-71,462,-1375,-1112,-5292,9.373,9.749,912,
-18888,13816,-17350,15418,0,0,240,115,449,-961,-994,-4887,9.659,9.472,912,
-17904,14771,-16367,16401,0,0,-28,-39,514,-450,-216,-3842,9.434,9.159,912,
-16901,15746,-15384,17384,0,0,-551,-837,1199,-272,325,-3287,9.618,9.346,912,
-15931,16704,-14401,18367,0,0,-585,-1562,1802,-245,713,-3829,9.306,9.183,912,
-14922,17763,-13418,19350,0,0,780,-869,1359,-119,114,-4704,9.67,10.151,912,
-13962,18892,-12435,20333,0,0,-374,512,273,-560,-868,-5436,9.207,10.824,912,
-12963,19935,-11452,21316,0,0,27,660,-233,-915,92,-4284,9.578,10.002,912,
-12002,20900,-10469,22299,0,0,715,94,-353,-319,257,-2867,9.21,9.251,912,
-10995,21878,-9486,23282,0,0,-175,166,-291,-32,240,-4437,9.654,9.38,912,
-10015,22878,-8503,24265,0,0,89,109,377,323,-826,-5703,9.399,9.59,912,
-9037,23858,-7519,25249,0,0,277,122,736,1030,-1830,-3801,9.371,9.392,912,
-8039,24832,-6536,26232,0,0,2,146,392,990,-306,-3917,9.57,9.334,912,
-7073,25807,-5553,27215,0,0,90,125,123,774,516,-4417,9.258,9.356,912,
-6110,26790,-4570,28198,0,0,127,160,52,723,-7,-3843,9.237,9.42,912,
-5129,27778,-3587,29181,0,0,-3,122,121,548,-466,-3681,9.408,9.467,912,
-4141,28767,-2604,30164,0,0,-131,160,239,394,-494,-4216,9.464,9.486,912,
-3169,29749,-1621,31147,0,0,-16,186,302,71,-357,-3915,9.325,9.416,912,
-2198,30726,-638,32130,0,0,-210,303,250,-349,-267,-3758,9.312,9.362,912,
-1189,31722,345,-32423,0,0,-195,140,519,-233,-169,-3936,9.671,9.555,912,
-170,32695,1328,-31440,0,0,-538,213,590,-267,-681,-3925,9.768,9.323,912,
806,-31856,2311,-30457,0,0,-409,288,410,36,-77,-4164,9.358,9.452,912,
1825,-30868,3294,-29474,0,0,-408,195,510,-46,-337,-3764,9.766,9.469,912,
2760,-29875,4277,-28491,0,0,-710,123,445,148,-521,-3778,8.97,9.519,912,
3742,-28879,5260,-27508,0,0,-639,119,580,433,215,-3895,9.412,9.55,912,
4739,-27878,6243,-26525,0,0,-623,102,630,22,-48,-3387,9.561,9.597,912,
5716,-26905,7227,-25541,0,0,-696,149,389,79,-119,-3817,9.365,9.326,912,
6700,-25900,8210,-24558,0,0,-553,100,301,59,108,-4064,9.433,9.632,912,
7668,-24921,9193,-23575,0,0,-486,89,330,-364,-68,-3820,9.284,9.392,912,
8642,-23921,10176,-22592,0,0,-675,50,346,-365,42,-3978,9.332,9.59,912,
9654,-22911,11159,-21609,0,0,-678,-41,382,-182,14,-4062,9.706,9.679,912,
10622,-21955,12142,-20626,0,0,-788,-120,477,-255,-104,-4077,9.285,9.165,912,
11601,-20995,13125,-19643,0,0,-287,-225,268,-266,-83,-3925,9.384,9.204,912,
12614,-19953,14108,-18660,0,0,275,-587,-432,-558,59,-4495,9.705,9.99,912,
13604,-18986,15091,-17677,0,0,274,-891,-516,-998,761,-5298,9.496,9.266,912,
14548,-18075,16074,-16694,0,0,240,-1420,-273,-406,600,-4758,9.046,8.742,912,
15545,-17115,17057,-15711,0,0,-546,-841,-94,-337,-288,-3947,9.562,9.202,912,
16522,-16201,18040,-14728,0,0,-563,301,737,-184,-457,-3943,9.366,8.766,912,
17512,-15265,19023,-13745,0,0,-391,310,754,-1515,-483,-4443,9.498,8.967,912,
18449,-14272,20006,-12762,0,0,154,448,7,-1382,-127,-4234,8.975,9.527,912,
19433,-13390,20989,-11779,0,0,-376,320,-366,-558,107,-4116,9.435,8.449,912,
20439,-12452,21972,-10796,0,0,-456,-28,-3,-370,296,-3632,9.648,8.994,912,
21398,-11497,22955,-9813,0,0,-170,215,207,-304,383,-4825,9.196,9.158,912,
22390,-10458,23939,-8829,0,0,-163,-45,-10,274,1076,-4780,9.513,9.964,912,
23359,-9481,24922,-7846,0,0,-311,173,-17,637,777,-3874,9.29,9.361,912,
24348,-8515,25905,-6863,0,0,16,156,-63,976,156,-4000,9.478,9.264,912,
25325,-7510,26888,-5880,0,0,-80,160,-125,1155,-21,-4500,9.366,9.633,912,
26345,-6517,27871,-4897,0,0,-11,204,-90,949,257,-3870,9.781,9.52,912,
27306,-5537,28854,-3914,0,0,-1,67,-114,832,193,-4046,9.212,9.397,912,
28287,-4524,29837,-2931,0,0,58,218,-280,675,207,-4266,9.403,9.713,912,
29286,-3517,30820,-1948,0,0,139,170,-232,214,434,-3632,9.579,9.652,912,
30292,-2533,31803,-965,0,0,227,259,-161,123,373,-3864,9.648,9.441,912,
31230,-1543,-32750,18,0,0,319,179,-264,165,92,-4246,8.995,9.487,912,
32220,-543,-31767,1001,0,0,338,233,-340,-19,249,-3714,9.488,9.592,912,
-32346,434,-30784,1984,0,0,510,214,-203,116,446,-3792,9.304,9.361,912,
-31372,1432,-29801,2967,0,0,585,195,-324,172,309,-4039,9.338,9.575,912,
-30350,2420,-28818,3950,0,0,603,165,-234,83,335,-3803,9.796,9.47,912,
-29368,3389,-27835,4933,0,0,639,198,-142,72,163,-3706,9.414,9.284,912,
-28328,4352,-26852,5917,0,0,738,94,-282,167,23,-3926,9.974,9.238,912,
-27376,5315,-25868,6900,0,0,710,22,-399,-8,79,-3810,9.126,9.236,912,
-26404,6312,-24885,7883,0,0,964,-41,-425,-106,350,-3740,9.32,9.553,912,
-25403,7289,-23902,8866,0,0,1069,45,-461,-240,407,-3821,9.59,9.371,912,
-24416,8204,-22919,9849,0,0,1153,-153,-419,-193,63,-3987,9.47,8.772,912,
-23461,9217,-21936,10832,0,0,1045,-53,-447,-437,-176,-4075,9.153,9.705,912,
-22443,10244,-20953,11815,0,0,870,-103,-270,-400,-286,-4029,9.762,9.847,912,
-21502,11192,-19970,12798,0,0,-80,-151,171,-541,-495,-4158,9.017,9.098,912,
-20510,12202,-18987,13781,0,0,60,-33,367,-1042,-867,-4720,9.514,9.683,912,
-19508,13122,-18004,14764,0,0,101,144,455,-1246,-1262,-4949,9.604,8.818,912,
-18531,14169,-17021,15747,0,0,126,180,503,-693,-613,-4316,9.369,10.036,912,
-17587,15092,-16038,16730,0,0,-314,-390,903,-288,89,-3558,9.051,8.852,912,
-16609,16110,-15055,17713,0,0,-597,-1233,1676,-306,552,-3580,9.377,9.759,912,
-15589,17080,-14072,18696,0,0,-459,-1803,1890,-153,390,-4462,9.78,9.301,912,
-14636,18141,-13089,19679,0,0,867,-276,1002,-201,-393,-4817,9.138,10.174,912,
-13615,19140,-12106,20662,0,0,-406,821,-28,-746,-561,-5274,9.789,9.578,912,
-12626,20220,-11122,21645,0,0,455,571,-452,-540,268,-3572,9.476,10.348,912,
-11645,21179,-10139,22629,0,0,118,-170,-483,-156,237,-3206,9.404,9.192,912,
-10676,22177,-9156,23612,0,0,108,355,-88,178,118,-5008,9.292,9.57,912,
-9706,23167,-8173,24595,0,0,21,19,653,690,-1466,-5150,9.296,9.496,912,
-8724,24164,-7190,25578,0,0,195,70,928,1128,-1513,-3758,9.424,9.56,912,
-7749,25165,-6207,26561,0,0,11,77,513,975,-110,-4062,9.343,9.595,912,
-6727,26150,-5224,27544,0,0,108,135,177,541,647,-4472,9.796,9.442,912,
-5744,27129,-4241,28527,0,0,144,98,27,477,-19,-3603,9.427,9.389,912,
-4708,28116,-3258,29510,0,0,-131,121,-17,336,-458,-3850,9.932,9.464,912,
-3728,29089,-2275,30493,0,0,-87,190,162,212,-493,-4268,9.395,9.325,912,
-2763,30069,-1292,31476,0,0,-106,132,287,-101,-515,-3622,9.248,9.392,912,
-1784,31060,-309,32459,0,0,-238,221,330,-292,-212,-3928,9.39,9.501,912,
-824,32043,674,-32094,0,0,-347,228,429,-230,-75,-4001,9.205,9.426,912,
158,-32504,1657,-31111,0,0,-379,219,585,-157,-411,-3854,9.41,9.48,912,
1098,-31521,2640,-30128,0,0,-663,300,613,-125,-577,-3934,9.014,9.431,912,
2099,-30528,3623,-29145,0,0,-505,89,719,75,-195,-3861,9.595,9.514,912,
3064,-29538,4606,-28162,0,0,-694,255,580,77,-288,-4000,9.259,9.496,912,
4078,-28542,5590,-27178,0,0,-629,211,523,231,96,-3692,9.721,9.549,912,
5071,-27550,6573,-26195,0,0,-506,162,506,176,-35,-3598,9.514,9.511,912,
6045,-26552,7556,-25212,0,0,-665,155,351,141,-65,-3828,9.339,9.566,912,
7068,-25570,8539,-24229,0,0,-524,133,303,131,87,-3886,9.809,9.416,912,
8040,-24581,9522,-23246,0,0,-507,91,222,-257,35,-3756,9.316,9.483,912,
9000,-23609,10505,-22263,0,0,-508,-37,211,-252,101,-4001,9.21,9.315,912,
9959,-22598,11488,-21280,0,0,-542,-90,380,-275,36,-4102,9.193,9.695,912,
10956,-21631,12471,-20297,0,0,-739,-163,524,-267,-139,-3984,9.558,9.266,912,
11959,-20661,13454,-19314,0,0,-43,-429,94,-249,-122,-4049,9.613,9.306,912,
12958,-19682,14437,-18331,0,0,273,-809,-547,-909,268,-5096,9.581,9.388,912,
13939,-18764,15420,-17348,0,0,252,-1136,-449,-899,745,-5342,9.404,8.801,912,
14921,-17729,16403,-16365,0,0,126,-1560,-163,-286,282,-4411,9.413,9.918,912,
15893,-16775,17386,-15382,0,0,-1164,-64,262,-176,-495,-3756,9.325,9.149,912,
16888,-15887,18369,-14399,0,0,-136,339,880,-645,-383,-3841,9.54,8.515,912,
17851,-14864,19352,-13416,0,0,-302,417,495,-1690,-354,-4539,9.228,9.803,912,
18817,-14041,20336,-12432,0,0,180,525,-133,-888,99,-4169,9.258,7.892,912,
19784,-13060,21319,-11449,0,0,-615,77,-205,-528,76,-3847,9.276,9.406,912,
20760,-12091,22302,-10466,0,0,-422,133,135,-480,290,-4050,9.357,9.293,912,
21758,-11119,23285,-9483,0,0,-49,110,-61,-184,588,-4956,9.564,9.318,912,
22755,-10156,24268,-8500,0,0,-171,87,-156,401,1141,-4645,9.565,9.23,912,
23708,-9187,25251,-7517,0,0,-322,171,-143,894,521,-3666,9.133,9.291,912,
24666,-8189,26234,-6534,0,0,51,167,-63,1261,9,-4091,9.185,9.567,912,
25655,-7195,27217,-5551,0,0,-21,121,-165,1179,53,-4620,9.486,9.533,912,
26631,-6223,28200,-4568,0,0,-24,161,-164,828,323,-3913,9.349,9.312,912,
27641,-5191,29183,-3585,0,0,7,69,-36,642,221,-3817,9.69,9.898,912,
28662,-4196,30166,-2602,0,0,75,228,-205,526,14,-4337,9.787,9.541,912,
29605,-3227,31149,-1619,0,0,121,196,-289,22,432,-3693,9.035,9.282,912,
30583,-2200,32132,-636,0,0,246,183,-317,7,349,-3880,9.383,9.847,912,
31558,-1225,-32421,347,0,0,383,202,-400,55,317,-4001,9.345,9.348,912,
